ExceptionID,DeliveryID,ExceptionType,DateReported,ResolvedDate,ResolutionTimeHours,PriorityFlag,Region
200000,102117,Weather,2024-02-09 04:17:37,2024-02-10 19:17:37,39,0,NE
200001,104798,Customer Not Available,2023-04-29 01:44:38,2023-04-29 10:44:38,9,0,SW
200002,103760,Mechanical,2024-02-28 17:59:29,2024-03-01 16:59:29,47,0,MW
200003,102087,C.,2025-02-21 16:06:16,2025-02-23 03:06:16,35,0,SE
200004,102901,Customer Not Available,2025-02-13 09:24:37,2025-02-13 19:24:37,10,0,MW
200005,103100,Mechanical,2024-11-25 10:31:31,2024-11-27 02:31:31,40,0,SE
200006,103592,Address Issue,2025-05-01 20:43:39,2025-05-03 10:43:39,38,1,SE
200007,104372,Customer Not Available,2023-05-27 18:27:56,2023-05-28 23:27:56,29,0,M.
200008,103655,Mechanical,2024-11-14 10:49:17,2024-11-16 08:49:17,46,0,SE
200009,100182,Mechanical,2023-04-30 23:03:47,2023-05-01 05:03:47,6,1,SE
200010,101622,Customer Not Available,2025-10-10 17:36:08,2025-10-11 12:36:08,19,0,SW
200011,100083,Mechanical,2023-08-15 15:33:12,,26,0,NE
200012,100085,Customer Not Available,2023-09-25 01:44:47,2023-09-25 10:44:47,9,0,NW
200013,101742,Customer Not Available,2024-05-16 16:54:10,2024-05-18 09:54:10,41,0,SW
200014,101310,Mechanical,2025-05-30 00:39:15,2025-06-01 00:39:15,48,0,NW
200015,100940,Mechanical,2025-01-09 20:07:33,2025-01-11 17:07:33,45,0,NW
200016,101036,Mechanical,2025-02-08 12:33:47,2025-02-09 01:33:47,13,0,NE
200017,101400,C.,2024-04-11 21:27:42,2024-04-12 23:27:42,26,0,SW
200018,103480,Weather,2023-09-28 13:49:57,2023-09-30 09:49:57,44,0,SE
200019,104820,Mechanical,2025-07-06 16:32:04,2025-07-07 12:32:04,20,0,NE
200020,103011,Mechanical,2025-11-18 13:59:56,2025-11-18 15:59:56,2,0,SE
200021,104713,Address Issue,2023-10-27 14:19:30,2023-10-27 18:19:30,4,0,SE
200022,103903,Mechanical,2025-05-29 22:45:05,2025-05-30 05:45:05,7,0,SE
200023,100724,C.,2024-11-15 00:21:13,2024-11-15 19:21:13,19,0,SE
200024,100187,Mechanical,2023-04-22 07:18:04,2023-04-23 18:18:04,35,0,SW
200025,104830,Address Issue,2025-07-17 01:59:55,2025-07-17 12:59:55,11,0,NW
200026,102772,Weather,2025-10-28 19:35:59,2025-10-29 14:35:59,19,0,NW
200027,104612,Weather,2024-05-20 22:42:32,2024-05-22 06:42:32,32,0,SW
200028,102580,Mechanical,2024-08-27 19:47:18,2024-08-28 09:47:18,14,1,NW
200029,103700,Weather,2025-03-31 01:12:27,2025-04-02 02:12:27,49,1,NE
200030,102939,Customer Not Available,2024-09-24 09:44:31,2024-09-24 14:44:31,5,0,SE
200031,101138,Weather,2024-11-10 11:25:40,2024-11-11 12:25:40,25,0,SE
200032,100203,Customer Not Available,2025-05-25 11:31:42,2025-05-26 01:31:42,14,0,SE
200033,103380,Weather,2024-04-24 03:54:51,2024-04-25 18:54:51,39,0,MW
200034,101345,Weather,2024-05-09 18:16:40,2024-05-10 06:16:40,12,0,NE
200035,100360,Customer Not Available,2023-06-12 04:36:49,2023-06-14 05:36:49,49,0,MW
200036,101143,Customer Not Available,2024-06-23 21:40:18,2024-06-24 17:40:18,20,1,SW
200037,100213,Mechanical,2023-09-29 19:59:32,2023-09-30 13:59:32,18,0,MW
200038,101848,Customer Not Available,2025-07-19 15:14:57,2025-07-19 16:14:57,1,0,NW
200039,103382,Mechanical,2023-03-22 07:43:23,2023-03-24 02:43:23,43,0,NW
200040,100641,Address Issue,2024-12-15 16:16:45,2024-12-15 20:16:45,4,0,NE
200041,100605,Customer Not Available,2025-12-02 08:39:49,2025-12-02 20:39:49,12,0,MW
200042,100365,Mechanical,2023-11-02 23:58:17,,26,0,MW
200043,101228,M.,2023-09-29 22:36:02,2023-10-01 06:36:02,32,0,SE
200044,100898,Weather,2023-02-09 22:41:24,,37,0,NE
200045,104282,Customer Not Available,2025-04-03 14:47:00,2025-04-04 05:47:00,15,0,SE
200046,102771,Weather,2025-08-27 02:10:17,2025-08-28 13:10:17,35,1,NE
200047,103064,Mechanical,2024-11-14 07:18:39,2024-11-15 09:18:39,26,0,NE
200048,102750,Customer Not Available,2023-04-23 09:27:51,,15,0,MW
200049,100089,Mechanical,2025-09-29 21:01:39,2025-09-30 05:01:39,8,0,SE
200050,100988,Weather,2024-09-04 23:46:33,2024-09-06 03:46:33,28,0,SW
200051,102440,Mechanical,2024-03-06 13:54:08,2024-03-07 19:54:08,30,1,S.
200052,103211,Mechanical,2025-07-01 04:04:04,2025-07-02 23:04:04,43,0,SW
200053,100292,Weather,2023-10-27 17:34:59,2023-10-29 13:34:59,44,1,NW
200054,101489,Customer Not Available,2025-08-14 12:38:37,2025-08-14 15:38:37,3,0,NE
200055,104726,Weather,2023-04-10 11:28:56,2023-04-10 17:28:56,6,0,SE
200056,103169,Customer Not Available,2024-08-27 16:00:23,2024-08-28 23:00:23,31,0,NE
200057,104265,Customer Not Available,2023-06-18 12:52:42,2023-06-19 14:52:42,26,0,SE
200058,101449,Address Issue,2023-03-30 18:14:02,2023-03-31 02:14:02,8,0,NW
200059,104985,Mechanical,2023-12-30 05:07:38,2023-12-31 20:07:38,39,1,S.
200060,101090,Customer Not Available,2025-11-08 16:14:15,2025-11-09 21:14:15,29,0,NW
200061,103629,Customer Not Available,2025-06-27 16:42:15,2025-06-28 09:42:15,17,0,NE
200062,102615,W.,2024-02-08 03:19:02,2024-02-08 19:19:02,16,0,MW
200063,100150,Customer Not Available,2023-03-07 17:54:20,2023-03-09 18:54:20,49,0,SW
200064,100983,C.,2025-01-24 19:17:39,2025-01-26 16:17:39,45,0,NE
200065,101819,Weather,2024-07-03 19:40:59,2024-07-03 23:40:59,4,0,MW
200066,100976,Customer Not Available,2024-05-06 18:43:16,2024-05-07 04:43:16,10,0,NE
200067,100188,Mechanical,2023-06-25 04:09:40,2023-06-25 20:09:40,16,0,NE
200068,102778,Mechanical,2024-10-04 11:42:01,2024-10-05 06:42:01,19,0,SE
200069,103756,Weather,2023-10-30 22:06:15,2023-11-01 13:06:15,39,0,NW
200070,102571,Customer Not Available,2024-01-02 21:19:24,2024-01-03 10:19:24,13,0,NW
200071,101186,Mechanical,2024-04-03 01:24:04,2024-04-03 05:24:04,4,1,SE
200072,103901,Address Issue,2024-07-06 00:28:57,2024-07-07 08:28:57,32,0,SE
200073,103439,Weather,2023-11-16 20:14:20,2023-11-17 14:14:20,18,0,NE
200074,102564,Weather,2023-12-10 05:03:23,2023-12-10 21:03:23,16,0,NW
200075,104810,Mechanical,2024-05-06 13:47:33,2024-05-07 14:47:33,25,0,NE
200076,101347,Weather,2025-05-28 07:47:00,2025-05-28 23:47:00,16,0,MW
200077,103407,Customer Not Available,2024-06-30 01:24:17,2024-06-30 23:24:17,22,1,MW
200078,102625,Mechanical,2024-07-12 02:25:39,2024-07-13 02:25:39,24,0,SE
200079,103752,Address Issue,2025-04-04 19:28:49,2025-04-05 23:28:49,28,0,NW
200080,100666,Customer Not Available,2023-12-23 09:41:59,2023-12-24 08:41:59,23,0,MW
200081,104683,Address Issue,2025-02-09 04:25:16,2025-02-10 01:25:16,21,0,NW
200082,100772,Address Issue,2024-10-07 22:49:10,2024-10-08 07:49:10,9,0,NW
200083,103204,Weather,2023-06-06 23:53:44,2023-06-07 01:53:44,2,1,SW
200084,104949,Address Issue,2024-06-14 18:50:44,2024-06-16 08:50:44,38,0,MW
200085,101164,Customer Not Available,2023-09-07 23:27:10,2023-09-09 03:27:10,28,0,MW
200086,104953,Mechanical,2023-07-09 00:50:16,2023-07-10 02:50:16,26,0,NE
200087,104594,Mechanical,2023-09-23 22:14:48,2023-09-25 01:14:48,27,0,NE
200088,100648,Address Issue,2025-06-26 03:23:06,,25,0,NW
200089,102223,Address Issue,2023-10-09 11:53:04,2023-10-10 08:53:04,21,0,SE
200090,104895,Mechanical,2023-06-18 07:59:46,2023-06-19 21:59:46,38,1,NE
200091,104946,Address Issue,2024-06-18 12:32:57,2024-06-19 13:32:57,25,0,NE
200092,101059,C.,2025-01-13 14:04:16,2025-01-15 04:04:16,38,0,NW
200093,100987,Address Issue,2025-10-12 22:11:49,2025-10-14 20:11:49,46,0,MW
200094,102190,Address Issue,2025-06-12 01:46:47,2025-06-12 12:46:47,11,0,NE
200095,104744,Customer Not Available,2025-03-11 14:53:55,2025-03-12 18:53:55,28,0,SE
200096,104623,Mechanical,2023-09-12 12:07:11,2023-09-14 13:07:11,49,1,NW
200097,101785,Mechanical,2024-03-06 07:39:15,2024-03-07 19:39:15,36,0,MW
200098,101527,Address Issue,2023-06-13 00:12:26,2023-06-13 04:12:26,4,0,SW
200099,104679,Mechanical,2024-02-13 11:00:25,2024-02-14 06:00:25,19,0,SE
200100,104319,Customer Not Available,2024-03-05 13:35:36,2024-03-06 13:35:36,24,0,MW
200101,101901,Address Issue,2024-03-14 07:26:05,2024-03-15 05:26:05,22,0,N.
200102,102403,Address Issue,2023-01-20 01:36:44,2023-01-22 01:36:44,48,0,SW
200103,102985,Address Issue,2025-02-16 01:48:18,2025-02-17 02:48:18,25,0,SE
200104,101850,Weather,2024-12-21 12:19:57,2024-12-21 20:19:57,8,1,NE
200105,101007,Weather,2023-05-11 12:40:13,2023-05-12 08:40:13,20,0,NE
200106,100545,Customer Not Available,2025-05-09 17:17:54,2025-05-09 18:17:54,1,0,SE
200107,100524,Address Issue,2024-07-09 10:52:12,2024-07-09 14:52:12,4,1,NE
200108,104010,Customer Not Available,2025-05-11 10:40:09,2025-05-11 22:40:09,12,0,NW
200109,101737,Weather,2024-11-22 08:47:45,2024-11-23 09:47:45,25,0,SE
200110,101080,Address Issue,2024-03-25 23:01:23,2024-03-26 20:01:23,21,0,SE
200111,102021,Weather,2024-05-06 17:27:29,2024-05-07 12:27:29,19,0,NE
200112,101338,Address Issue,2025-10-24 13:34:02,2025-10-25 23:34:02,34,0,S.
200113,102158,Customer Not Available,2024-12-10 19:13:18,2024-12-11 01:13:18,6,1,SW
200114,103187,Customer Not Available,2023-10-28 09:27:18,2023-10-29 20:27:18,35,0,SE
200115,101330,Customer Not Available,2023-06-17 06:33:58,2023-06-17 09:33:58,3,0,NE
200116,100770,Weather,2023-03-16 19:03:01,2023-03-18 04:03:01,33,0,N.
200117,101741,Customer Not Available,2024-02-26 19:18:09,2024-02-27 04:18:09,9,1,NE
200118,104405,Mechanical,2024-11-12 15:31:41,2024-11-12 22:31:41,7,0,NE
200119,104189,Mechanical,2025-03-08 14:35:39,2025-03-10 07:35:39,41,0,NW
200120,104112,Customer Not Available,2023-09-01 01:38:57,2023-09-02 04:38:57,27,0,NE
200121,101358,Customer Not Available,2025-08-01 20:37:20,2025-08-01 21:37:20,1,0,SW
200122,103133,Weather,2023-09-13 15:53:16,2023-09-15 07:53:16,40,1,SE
200123,102796,Address Issue,2024-02-16 09:05:36,2024-02-17 03:05:36,18,0,MW
200124,101596,Weather,2024-06-30 11:15:56,2024-07-01 22:15:56,35,0,MW
200125,101980,Weather,2025-04-19 10:12:04,2025-04-20 03:12:04,17,0,NW
200126,100555,Customer Not Available,2025-09-30 20:46:28,2025-10-02 11:46:28,39,0,M.
200127,103964,Mechanical,2023-08-03 12:41:58,2023-08-03 23:41:58,11,0,NE
200128,103571,Mechanical,2024-10-09 14:39:44,2024-10-11 03:39:44,37,1,MW
200129,103059,Mechanical,2024-09-21 20:13:35,2024-09-23 17:13:35,45,0,SW
200130,104354,Weather,2025-03-19 06:08:52,2025-03-19 17:08:52,11,0,NE
200131,102760,Mechanical,2025-05-12 09:48:01,2025-05-12 12:48:01,3,0,MW
200132,100834,Mechanical,2024-12-14 00:26:49,2024-12-14 13:26:49,13,0,NE
200133,101647,Customer Not Available,2025-01-21 00:39:27,2025-01-22 04:39:27,28,0,NW
200134,103059,Mechanical,2024-06-09 13:28:48,2024-06-11 03:28:48,38,0,SW
200135,100866,Address Issue,2023-09-18 20:29:38,2023-09-20 19:29:38,47,0,SE
200136,100903,Customer Not Available,2025-10-22 21:03:22,2025-10-24 07:03:22,34,0,NE
200137,102457,Address Issue,2023-02-05 01:07:11,2023-02-06 05:07:11,28,0,SW
200138,104983,Weather,2025-12-09 23:52:52,2025-12-10 01:52:52,2,0,NW
200139,100142,Mechanical,2025-06-25 14:04:20,2025-06-27 12:04:20,46,0,NW
200140,103723,Weather,2025-01-16 15:56:25,2025-01-16 17:56:25,2,0,SW
200141,102786,Weather,2023-09-30 23:29:56,2023-10-02 12:29:56,37,0,MW
200142,103390,M.,2023-08-12 14:58:01,2023-08-13 06:58:01,16,0,SW
200143,102695,Customer Not Available,2025-08-23 15:32:15,2025-08-23 23:32:15,8,0,MW
200144,102759,Weather,2023-08-23 00:04:15,2023-08-24 16:04:15,40,0,MW
200145,103349,Mechanical,2025-06-04 00:07:52,2025-06-04 11:07:52,11,0,SW
200146,103889,Mechanical,2025-11-27 15:32:59,2025-11-29 12:32:59,45,0,NW
200147,103733,Address Issue,2023-03-02 17:28:10,2023-03-03 08:28:10,15,0,SE
200148,101721,Weather,2024-05-31 09:29:11,2024-05-31 13:29:11,4,0,SE
200149,103153,Weather,2025-07-06 05:32:08,2025-07-07 04:32:08,23,0,SW
200150,104114,M.,2024-06-29 05:53:46,2024-06-29 13:53:46,8,0,NE
200151,104740,Address Issue,2024-07-09 10:58:44,2024-07-10 02:58:44,16,0,SW
200152,102831,Customer Not Available,2023-08-16 00:27:39,2023-08-16 16:27:39,16,1,SE
200153,101704,Address Issue,2023-01-31 06:36:23,2023-02-01 06:36:23,24,1,SW
200154,100457,Weather,2024-11-22 01:06:51,,10,0,NW
200155,101276,Address Issue,2023-12-02 13:53:57,2023-12-03 23:53:57,34,0,SE
200156,104774,Weather,2025-08-22 08:39:01,2025-08-23 02:39:01,18,0,SE
200157,103315,Customer Not Available,2025-01-29 17:17:28,2025-01-30 09:17:28,16,0,SE
200158,101608,Weather,2025-01-07 19:49:04,2025-01-09 07:49:04,36,0,NW
200159,103894,Customer Not Available,2023-11-29 03:17:15,2023-11-29 11:17:15,8,1,SE
200160,101096,Customer Not Available,2024-11-27 07:28:01,2024-11-28 03:28:01,20,0,NE
200161,100626,Customer Not Available,2023-05-14 15:08:33,2023-05-15 14:08:33,23,0,SE
200162,101290,Address Issue,2025-09-05 19:03:30,2025-09-07 11:03:30,40,0,SW
200163,104717,Customer Not Available,2023-04-19 07:55:08,2023-04-19 21:55:08,14,1,NE
200164,104823,Mechanical,2023-12-18 15:34:37,2023-12-19 07:34:37,16,0,MW
200165,103411,Weather,2024-07-30 12:42:09,2024-08-01 02:42:09,38,0,SE
200166,102144,Weather,2024-04-21 20:11:01,2024-04-22 14:11:01,18,1,MW
200167,100899,Weather,2025-01-13 09:31:53,2025-01-15 01:31:53,40,0,MW
200168,100697,Weather,2023-06-17 14:58:16,2023-06-18 20:58:16,30,0,NW
200169,102930,Customer Not Available,2024-09-27 09:51:45,2024-09-28 21:51:45,36,0,SW
200170,104055,Address Issue,2025-02-22 12:29:33,2025-02-24 00:29:33,36,0,S.
200171,104191,Address Issue,2024-05-15 02:01:13,2024-05-16 17:01:13,39,0,MW
200172,103617,Address Issue,2024-07-29 06:57:20,2024-07-30 22:57:20,40,0,N.
200173,103440,Address Issue,2025-01-09 21:22:54,2025-01-11 14:22:54,41,0,NE
200174,103416,Weather,2023-06-30 23:46:56,2023-07-01 00:46:56,1,0,SE
200175,103050,Mechanical,2023-01-11 13:26:21,,17,0,NE
200176,102489,Mechanical,2023-03-31 21:54:32,2023-04-02 01:54:32,28,1,SE
200177,100792,Address Issue,2024-07-19 06:16:02,2024-07-19 13:16:02,7,0,MW
200178,102075,Weather,2025-01-22 01:04:50,2025-01-22 21:04:50,20,0,NW
200179,103543,Customer Not Available,2023-07-26 10:44:06,2023-07-28 04:44:06,42,0,NW
200180,100922,Address Issue,2023-08-25 06:10:56,2023-08-26 06:10:56,24,0,SW
200181,101481,Customer Not Available,2025-12-16 19:39:04,,1,0,SW
200182,100741,Customer Not Available,2024-10-10 23:23:59,2024-10-11 17:23:59,18,0,NE
200183,104999,Customer Not Available,2023-11-19 08:40:30,2023-11-20 10:40:30,26,1,SW
200184,102033,Mechanical,2023-06-02 01:16:24,2023-06-02 15:16:24,14,1,SE
200185,101445,Address Issue,2025-10-19 22:55:19,2025-10-20 17:55:19,19,0,NW
200186,100374,Weather,2025-08-22 16:42:28,2025-08-23 10:42:28,18,1,NW
200187,102909,Weather,2024-12-01 00:10:10,2024-12-02 21:10:10,45,0,MW
200188,100623,Weather,2023-03-12 10:19:38,2023-03-12 17:19:38,7,0,MW
200189,101048,Address Issue,2023-05-04 17:54:16,2023-05-04 19:54:16,2,0,NE
200190,100605,Mechanical,2024-07-14 01:18:39,2024-07-14 08:18:39,7,0,MW
200191,102113,Customer Not Available,2023-09-20 14:03:16,2023-09-21 18:03:16,28,0,SE
200192,102576,Weather,2023-05-12 11:59:27,2023-05-13 15:59:27,28,0,SW
200193,100277,M.,2024-05-22 08:11:36,2024-05-24 02:11:36,42,0,SW
200194,102057,Customer Not Available,2023-05-11 02:12:37,2023-05-11 19:12:37,17,0,NE
200195,101164,Customer Not Available,2024-04-02 11:49:00,2024-04-03 17:49:00,30,0,SW
200196,103881,Mechanical,2025-10-25 03:51:46,2025-10-26 00:51:46,21,1,N.
200197,104123,Address Issue,2025-10-17 09:31:55,2025-10-18 22:31:55,37,0,SW
200198,103171,Address Issue,2025-06-14 17:43:45,2025-06-15 02:43:45,9,0,MW
200199,102767,Mechanical,2025-10-02 10:08:04,2025-10-03 22:08:04,36,0,NW
200200,104944,Customer Not Available,2025-12-30 12:05:45,2025-12-31 10:05:45,22,0,MW
200201,100260,Weather,2024-11-29 00:23:15,2024-11-29 15:23:15,15,0,MW
200202,104133,Weather,2024-06-10 17:56:42,2024-06-11 07:56:42,14,1,NE
200203,103565,Address Issue,2023-08-23 02:55:15,2023-08-24 05:55:15,27,1,NE
200204,103818,Weather,2023-10-01 02:04:44,2023-10-01 20:04:44,18,0,N.
200205,104562,Customer Not Available,2025-12-26 12:49:19,2025-12-26 22:49:19,10,1,SW
200206,102794,Mechanical,2024-05-26 19:19:21,2024-05-28 19:19:21,48,1,SE
200207,101203,Customer Not Available,2025-08-28 02:53:53,2025-08-29 00:53:53,22,0,SW
200208,102012,Weather,2023-06-03 03:04:12,2023-06-04 02:04:12,23,0,NW
200209,101810,Customer Not Available,2024-11-08 12:41:40,2024-11-10 06:41:40,42,0,SE
200210,103608,Address Issue,2023-07-27 14:22:22,2023-07-29 07:22:22,41,0,MW
200211,100303,Mechanical,2025-04-17 12:29:10,2025-04-19 12:29:10,48,0,MW
200212,101096,Mechanical,2023-01-31 02:53:08,2023-01-31 07:53:08,5,1,SE
200213,104028,Weather,2025-12-04 19:54:39,2025-12-05 20:54:39,25,0,MW
200214,103618,Weather,2023-10-20 10:16:43,2023-10-20 11:16:43,1,0,S.
200215,101166,Customer Not Available,2023-06-19 21:27:00,2023-06-20 21:27:00,24,0,NE
200216,104309,Customer Not Available,2025-07-24 20:10:50,2025-07-26 05:10:50,33,0,SW
200217,102352,Mechanical,2024-09-09 11:11:37,2024-09-11 00:11:37,37,0,MW
200218,100344,Address Issue,2025-06-13 13:11:36,2025-06-13 20:11:36,7,0,NE
200219,100743,Address Issue,2024-08-02 06:08:38,2024-08-03 06:08:38,24,0,SW
200220,101621,Weather,2023-03-01 06:52:10,2023-03-01 21:52:10,15,0,MW
200221,102541,Address Issue,2025-06-19 18:11:40,2025-06-20 05:11:40,11,0,SW
200222,101922,Mechanical,2023-07-13 23:42:37,2023-07-15 19:42:37,44,0,MW
200223,101148,Address Issue,2025-01-28 13:38:50,2025-01-29 06:38:50,17,0,NW
200224,102888,Mechanical,2025-05-27 19:34:21,2025-05-29 20:34:21,49,1,SE
200225,103950,Weather,2025-07-13 19:32:01,2025-07-14 18:32:01,23,0,MW
200226,100656,Customer Not Available,2025-08-18 11:13:57,2025-08-20 12:13:57,49,0,SW
200227,104712,Address Issue,2024-10-31 06:21:17,2024-10-31 10:21:17,4,0,MW
200228,100775,Mechanical,2024-09-26 12:08:39,2024-09-27 19:08:39,31,0,MW
200229,101669,W.,2025-07-15 20:39:29,2025-07-17 06:39:29,34,0,SW
200230,102007,Mechanical,2023-03-24 06:48:52,2023-03-24 16:48:52,10,0,S.
200231,104597,Address Issue,2025-02-11 02:22:54,2025-02-12 15:22:54,37,0,NE
200232,101659,Mechanical,2024-04-17 16:53:45,2024-04-18 02:53:45,10,0,MW
200233,100606,Weather,2025-10-28 21:25:24,2025-10-30 15:25:24,42,0,NW
200234,103703,Weather,2023-08-21 06:06:05,2023-08-21 17:06:05,11,0,SE
200235,100429,Customer Not Available,2024-03-18 05:07:10,2024-03-19 12:07:10,31,0,MW
200236,103372,Customer Not Available,2024-01-29 10:28:14,2024-01-29 20:28:14,10,0,SW
200237,101004,Address Issue,2024-07-17 01:56:50,2024-07-18 20:56:50,43,0,NE
200238,101612,Weather,2023-10-19 05:53:09,2023-10-20 19:53:09,38,1,MW
200239,104189,Address Issue,2025-11-16 18:01:52,2025-11-18 12:01:52,42,0,NW
200240,102362,Weather,2024-06-10 10:15:51,2024-06-10 18:15:51,8,0,SW
200241,102200,A.,2023-12-14 12:21:19,2023-12-14 23:21:19,11,0,NW
200242,102187,Weather,2025-01-17 23:54:04,2025-01-18 19:54:04,20,0,NW
200243,101620,Address Issue,2023-02-16 14:14:11,2023-02-17 14:14:11,24,0,SE
200244,104311,Mechanical,2023-08-27 23:47:09,2023-08-28 06:47:09,7,1,SE
200245,102841,Customer Not Available,2023-11-09 18:48:31,2023-11-10 15:48:31,21,1,MW
200246,104465,Mechanical,2023-10-23 01:16:44,2023-10-24 21:16:44,44,0,SE
200247,100971,Customer Not Available,2024-04-15 08:47:42,2024-04-15 14:47:42,6,1,MW
200248,102288,Address Issue,2023-06-05 19:03:00,,31,0,MW
200249,101558,Weather,2023-10-22 15:52:18,2023-10-23 03:52:18,12,0,SW
200250,102368,Weather,2025-01-26 15:17:21,2025-01-28 04:17:21,37,0,SW
200251,102092,Address Issue,2024-01-06 21:01:08,2024-01-07 10:01:08,13,1,NE
200252,104709,Weather,2024-03-05 06:54:31,2024-03-07 07:54:31,49,0,SE
200253,100283,Address Issue,2025-05-20 22:48:11,2025-05-22 05:48:11,31,1,NE
200254,102034,Mechanical,2025-12-13 06:45:54,2025-12-13 15:45:54,9,0,NW
200255,103655,Address Issue,2024-08-24 11:04:50,2024-08-25 14:04:50,27,0,MW
200256,103624,Weather,2025-07-24 01:51:20,2025-07-24 18:51:20,17,0,MW
200257,101814,Weather,2024-04-26 01:53:34,2024-04-26 09:53:34,8,0,SW
200258,100671,Address Issue,2023-01-07 22:10:40,2023-01-09 01:10:40,27,1,NW
200259,102134,Address Issue,2024-01-22 12:13:50,2024-01-24 04:13:50,40,0,MW
200260,101482,Address Issue,2024-01-12 15:37:56,2024-01-13 06:37:56,15,0,MW
200261,102346,Address Issue,2024-12-17 16:58:27,2024-12-19 07:58:27,39,1,NW
200262,100013,Customer Not Available,2024-07-26 06:13:54,2024-07-26 12:13:54,6,1,NW
200263,100755,Customer Not Available,2023-04-08 15:47:34,2023-04-09 23:47:34,32,0,MW
200264,100168,Mechanical,2024-09-02 12:40:16,2024-09-04 12:40:16,48,0,NW
200265,102279,Customer Not Available,2024-07-12 15:46:45,,8,0,SE
200266,101134,Weather,2023-06-29 04:31:59,2023-06-30 15:31:59,35,0,NW
200267,102661,Customer Not Available,2023-10-29 00:58:27,2023-10-30 07:58:27,31,0,NE
200268,104824,Customer Not Available,2025-06-12 15:27:46,2025-06-14 09:27:46,42,0,NE
200269,100239,Weather,2025-08-04 01:01:28,2025-08-05 03:01:28,26,0,MW
200270,102287,Customer Not Available,2025-12-09 12:11:32,2025-12-11 06:11:32,42,0,MW
200271,104365,Address Issue,2024-09-25 10:55:49,2024-09-26 10:55:49,24,0,SW
200272,102587,Customer Not Available,2024-09-08 13:53:53,2024-09-08 15:53:53,2,0,NW
200273,101309,Customer Not Available,2023-12-15 13:57:52,2023-12-17 06:57:52,41,0,NE
200274,100442,Customer Not Available,2023-11-17 05:23:32,2023-11-17 06:23:32,1,0,SW
200275,100724,Address Issue,2025-11-15 20:58:56,2025-11-16 06:58:56,10,0,MW
200276,100907,Address Issue,2023-02-26 11:54:43,2023-02-27 10:54:43,23,0,SE
200277,101526,Mechanical,2025-06-24 21:46:55,2025-06-26 06:46:55,33,1,NW
200278,102417,Mechanical,2024-11-26 17:53:59,2024-11-28 13:53:59,44,0,SW
200279,101143,Address Issue,2023-01-28 19:01:49,2023-01-30 08:01:49,37,0,SE
200280,100074,Weather,2023-02-14 04:51:55,2023-02-14 15:51:55,11,0,MW
200281,102470,Mechanical,2023-03-22 13:20:33,2023-03-23 09:20:33,20,1,NE
200282,100069,Customer Not Available,2024-05-27 02:06:35,2024-05-28 04:06:35,26,0,SW
200283,104840,Customer Not Available,2025-02-09 06:14:52,2025-02-11 04:14:52,46,0,SW
200284,104065,Customer Not Available,2023-12-22 14:51:41,2023-12-24 13:51:41,47,0,MW
200285,100131,Weather,2024-12-12 23:42:38,2024-12-13 01:42:38,2,0,MW
200286,101121,Mechanical,2023-07-21 13:40:20,2023-07-22 14:40:20,25,1,NE
200287,104197,Address Issue,2025-04-27 04:55:28,2025-04-27 08:55:28,4,0,NE
200288,101190,Address Issue,2023-12-11 05:00:23,2023-12-12 00:00:23,19,0,NE
200289,101128,Weather,2024-11-14 13:57:08,2024-11-15 02:57:08,13,0,SE
200290,100597,Address Issue,2024-07-08 23:23:04,2024-07-09 18:23:04,19,0,SE
200291,101572,Weather,2024-12-23 06:10:57,2024-12-23 19:10:57,13,0,MW
200292,100671,Address Issue,2025-08-22 09:08:14,2025-08-22 21:08:14,12,0,SW
200293,104730,Address Issue,2024-06-07 01:43:33,2024-06-07 03:43:33,2,0,SE
200294,103715,Weather,2024-10-04 16:39:50,2024-10-06 05:39:50,37,0,M.
200295,103337,Address Issue,2023-03-08 18:00:00,2023-03-09 17:00:00,23,0,SE
200296,103866,Mechanical,2025-11-20 19:04:45,2025-11-21 14:04:45,19,0,NE
200297,102899,Address Issue,2024-05-13 18:03:21,,3,0,MW
200298,102308,C.,2024-07-08 06:45:55,2024-07-09 06:45:55,24,0,N.
200299,102463,Weather,2025-03-19 11:48:33,2025-03-20 10:48:33,23,0,NW
200300,103990,Address Issue,2023-11-04 06:11:02,2023-11-04 10:11:02,4,0,SW
200301,103532,Mechanical,2025-01-07 03:32:02,2025-01-07 21:32:02,18,0,NE
200302,102748,Address Issue,2023-01-01 22:27:04,2023-01-02 10:27:04,12,0,SW
200303,102590,Address Issue,2023-06-06 21:40:55,2023-06-08 08:40:55,35,0,MW
200304,103030,Customer Not Available,2024-09-22 15:58:35,2024-09-23 18:58:35,27,0,NW
200305,103381,Mechanical,2025-06-08 18:10:17,2025-06-10 13:10:17,43,0,SW
200306,101711,Address Issue,2024-04-19 07:44:44,2024-04-19 21:44:44,14,0,SE
200307,104144,Address Issue,2025-03-12 23:00:54,2025-03-14 06:00:54,31,0,MW
200308,104539,Customer Not Available,2025-09-30 17:26:15,2025-09-30 20:26:15,3,0,NW
200309,100171,Weather,2024-06-20 11:15:05,2024-06-20 16:15:05,5,0,SE
200310,103037,Weather,2025-10-26 20:53:31,2025-10-28 01:53:31,29,1,SE
200311,103401,Weather,2025-06-26 10:40:06,2025-06-28 01:40:06,39,0,NW
200312,104101,Customer Not Available,2025-01-29 08:43:24,2025-01-30 01:43:24,17,0,NE
200313,101227,Weather,2024-04-26 02:15:52,2024-04-26 21:15:52,19,1,NW
200314,102416,Mechanical,2025-02-06 03:19:18,2025-02-07 14:19:18,35,0,NW
200315,100721,Weather,2025-03-30 20:38:36,2025-04-01 05:38:36,33,0,NW
200316,103619,Weather,2025-04-04 03:23:17,2025-04-04 11:23:17,8,0,SW
200317,100930,Address Issue,2025-03-28 17:42:04,2025-03-30 06:42:04,37,0,NE
200318,102328,Mechanical,2023-01-06 04:03:33,,35,0,MW
200319,101078,Customer Not Available,2023-01-18 14:19:20,2023-01-19 10:19:20,20,0,SE
200320,103384,Mechanical,2025-04-20 23:06:50,2025-04-21 16:06:50,17,1,SW
200321,102965,Weather,2025-01-09 23:59:37,2025-01-11 20:59:37,45,0,NE
200322,103549,Address Issue,2025-09-23 13:49:54,2025-09-24 02:49:54,13,0,NW
200323,102475,Customer Not Available,2025-02-12 10:53:06,2025-02-12 14:53:06,4,1,SW
200324,101535,M.,2023-02-05 17:28:58,2023-02-06 23:28:58,30,0,SW
200325,100412,Mechanical,2025-02-08 02:25:10,2025-02-08 08:25:10,6,1,SE
200326,100838,Weather,2023-10-16 09:46:30,2023-10-16 11:46:30,2,0,MW
200327,103687,Weather,2023-03-29 21:51:32,2023-03-30 12:51:32,15,0,NE
200328,101026,Customer Not Available,2025-06-12 02:56:26,2025-06-13 12:56:26,34,0,NE
200329,103668,Weather,2024-05-31 10:56:58,2024-06-01 06:56:58,20,0,NE
200330,104780,Address Issue,2024-09-29 12:07:10,2024-09-30 04:07:10,16,0,NW
200331,102835,Customer Not Available,2024-12-04 09:38:41,2024-12-06 04:38:41,43,0,N.
200332,100059,Weather,2025-10-16 17:19:06,2025-10-18 18:19:06,49,0,SW
200333,100589,Customer Not Available,2023-07-01 17:27:32,2023-07-02 22:27:32,29,0,MW
200334,102577,M.,2024-09-05 20:13:39,2024-09-06 23:13:39,27,0,SE
200335,103168,Customer Not Available,2024-03-23 01:00:19,2024-03-23 02:00:19,1,0,SE
200336,102034,Mechanical,2025-06-02 19:05:40,2025-06-03 08:05:40,13,0,MW
200337,104068,Customer Not Available,2024-09-09 23:07:35,2024-09-11 15:07:35,40,0,N.
200338,100776,Weather,2023-03-05 14:15:54,2023-03-06 22:15:54,32,0,MW
200339,100147,Mechanical,2024-03-15 13:42:52,2024-03-15 16:42:52,3,0,SE
200340,100046,Customer Not Available,2024-01-30 17:32:10,2024-01-31 07:32:10,14,0,NW
200341,101267,Address Issue,2025-12-10 01:53:35,2025-12-11 05:53:35,28,0,MW
200342,101501,Weather,2024-01-24 18:43:36,2024-01-26 16:43:36,46,0,SW
200343,101618,C.,2025-07-15 21:19:37,2025-07-16 23:19:37,26,1,NW
200344,101664,Customer Not Available,2025-08-18 07:55:29,2025-08-19 04:55:29,21,1,SW
200345,104040,Mechanical,2024-04-03 12:32:33,2024-04-05 10:32:33,46,0,SW
200346,103003,Mechanical,2023-02-27 14:41:18,2023-02-28 01:41:18,11,0,MW
200347,102022,Weather,2025-07-01 04:43:20,2025-07-02 07:43:20,27,0,SW
200348,100209,Mechanical,2025-07-20 23:57:21,2025-07-22 19:57:21,44,1,NE
200349,104282,Customer Not Available,2024-02-13 00:59:14,2024-02-13 01:59:14,1,1,MW
200350,101187,Customer Not Available,2023-01-30 07:33:09,2023-01-31 16:33:09,33,0,SE
200351,103053,Mechanical,2023-08-14 01:19:15,2023-08-15 23:19:15,46,1,NE
200352,100034,Weather,2023-07-10 02:03:03,2023-07-10 20:03:03,18,1,NW
200353,102043,Address Issue,2023-11-04 09:23:45,2023-11-04 11:23:45,2,0,MW
200354,101276,Customer Not Available,2023-07-06 19:08:17,2023-07-06 23:08:17,4,0,SE
200355,104570,Customer Not Available,2025-05-08 06:04:34,2025-05-08 10:04:34,4,0,SE
200356,104854,Mechanical,2023-12-20 16:13:33,2023-12-21 09:13:33,17,0,MW
200357,104565,Address Issue,2025-03-27 05:19:22,2025-03-29 05:19:22,48,0,NE
200358,102954,Customer Not Available,2025-02-10 04:31:16,2025-02-10 20:31:16,16,0,SE
200359,100263,Address Issue,2025-08-23 01:22:40,2025-08-23 10:22:40,9,0,MW
200360,101128,Address Issue,2023-10-12 16:24:11,2023-10-13 18:24:11,26,1,M.
200361,103291,Customer Not Available,2025-04-01 04:14:46,2025-04-01 14:14:46,10,1,SW
200362,104862,Address Issue,2023-11-23 01:24:40,2023-11-23 08:24:40,7,0,MW
200363,100406,Address Issue,2023-08-09 00:28:54,2023-08-09 09:28:54,9,0,SE
200364,102693,Mechanical,2024-12-24 20:10:25,2024-12-26 20:10:25,48,0,SW
200365,101229,Mechanical,2025-01-14 11:30:57,2025-01-15 14:30:57,27,0,SE
200366,102111,Address Issue,2023-11-28 14:01:29,2023-11-29 22:01:29,32,0,NE
200367,103016,Weather,2025-04-14 05:34:01,2025-04-16 06:34:01,49,0,NE
200368,100871,Address Issue,2023-07-23 21:39:49,2023-07-24 20:39:49,23,0,SE
200369,104133,Customer Not Available,2024-07-05 11:21:30,2024-07-06 14:21:30,27,1,NW
200370,104855,Weather,2024-07-13 22:20:09,2024-07-14 23:20:09,25,0,NW
200371,104760,Mechanical,2024-09-23 06:34:05,2024-09-24 11:34:05,29,0,NW
200372,104317,Weather,2023-04-01 15:55:06,2023-04-02 15:55:06,24,0,SE
200373,104865,Mechanical,2023-01-04 02:56:43,2023-01-04 18:56:43,16,1,MW
200374,100472,Weather,2025-10-04 02:49:54,2025-10-04 18:49:54,16,0,SW
200375,103577,Address Issue,2023-09-22 17:03:28,2023-09-23 21:03:28,28,0,MW
200376,104674,M.,2025-03-01 20:06:09,,20,1,SE
200377,103832,Customer Not Available,2024-12-10 11:18:23,2024-12-11 06:18:23,19,0,M.
200378,104330,Weather,2023-03-24 03:43:49,2023-03-24 13:43:49,10,1,N.
200379,102141,Address Issue,2024-11-07 18:10:41,2024-11-08 20:10:41,26,0,SW
200380,102908,Weather,2023-01-16 10:50:13,2023-01-16 12:50:13,2,1,SE
200381,102886,Weather,2025-08-26 00:21:35,2025-08-26 03:21:35,3,0,SW
200382,104744,Customer Not Available,2024-07-05 04:29:46,2024-07-06 19:29:46,39,1,NW
200383,104111,Weather,2025-08-14 23:19:28,2025-08-15 01:19:28,2,0,NW
200384,101398,Customer Not Available,2024-09-25 04:23:04,2024-09-26 05:23:04,25,0,NE
200385,100363,Mechanical,2023-10-27 07:28:27,2023-10-29 04:28:27,45,0,S.
200386,100743,Customer Not Available,2025-07-21 23:45:18,2025-07-22 03:45:18,4,0,NW
200387,103469,Customer Not Available,2025-10-20 05:14:55,2025-10-20 20:14:55,15,0,SW
200388,102457,Mechanical,2025-07-01 20:40:13,2025-07-02 14:40:13,18,0,SW
200389,103684,C.,2025-08-31 22:22:30,2025-09-01 05:22:30,7,0,NE
200390,102233,Address Issue,2023-07-17 17:34:56,2023-07-18 20:34:56,27,0,NW
200391,104041,Weather,2025-04-06 16:01:28,2025-04-07 10:01:28,18,0,MW
200392,100469,Customer Not Available,2023-08-02 18:30:34,2023-08-03 01:30:34,7,0,NW
200393,100311,Weather,2024-06-01 14:53:49,2024-06-02 19:53:49,29,0,N.
200394,102847,C.,2024-01-08 07:10:33,2024-01-10 00:10:33,41,0,NW
200395,103149,Mechanical,2025-10-18 19:07:54,2025-10-20 15:07:54,44,0,SE
200396,104630,M.,2025-06-16 10:19:49,2025-06-17 19:19:49,33,1,NE
200397,102169,W.,2023-08-30 09:55:45,2023-08-30 11:55:45,2,0,MW
200398,104323,Weather,2024-08-13 13:22:57,2024-08-14 07:22:57,18,1,SW
200399,100988,Weather,2024-11-11 03:44:43,2024-11-13 01:44:43,46,0,NW
200400,101431,Mechanical,2024-11-09 00:04:29,2024-11-09 23:04:29,23,1,SW
200401,104110,Weather,2023-06-05 10:24:03,2023-06-05 16:24:03,6,1,NE
200402,100213,Customer Not Available,2023-10-30 10:03:10,2023-11-01 05:03:10,43,0,SW
200403,104698,Customer Not Available,2024-01-09 11:04:52,2024-01-10 12:04:52,25,0,SE
200404,104147,Weather,2025-10-25 20:27:11,2025-10-26 15:27:11,19,0,NE
200405,104152,Mechanical,2023-06-17 14:07:50,2023-06-17 22:07:50,8,0,NE
200406,101312,Customer Not Available,2025-02-28 21:14:53,2025-03-02 10:14:53,37,0,NW
200407,103220,Mechanical,2024-10-22 23:00:40,2024-10-24 01:00:40,26,0,NE
200408,102455,Mechanical,2024-07-31 09:54:35,2024-08-01 14:54:35,29,0,SE
200409,104627,Mechanical,2025-05-12 11:47:26,2025-05-13 15:47:26,28,0,NW
200410,103440,Weather,2025-11-13 03:04:19,2025-11-13 10:04:19,7,0,SE
200411,102404,Mechanical,2024-08-26 09:07:03,2024-08-27 21:07:03,36,0,M.
200412,100699,Mechanical,2025-02-03 01:44:18,2025-02-03 16:44:18,15,0,NW
200413,101566,Weather,2024-01-09 01:14:21,2024-01-10 10:14:21,33,0,NE
200414,104769,Address Issue,2024-01-02 18:31:49,2024-01-02 23:31:49,5,0,NE
200415,101309,Customer Not Available,2025-07-24 13:20:46,2025-07-25 18:20:46,29,0,NE
200416,104612,Weather,2024-11-25 08:13:57,2024-11-26 01:13:57,17,0,MW
200417,100680,Customer Not Available,2023-02-25 13:37:54,2023-02-27 10:37:54,45,0,SE
200418,101708,W.,2024-01-19 23:35:33,2024-01-21 02:35:33,27,0,NE
200419,104822,Weather,2025-10-24 03:03:18,2025-10-24 20:03:18,17,0,SW
200420,103900,Weather,2024-04-17 09:58:46,2024-04-17 13:58:46,4,1,NE
200421,102164,Customer Not Available,2023-09-25 13:36:25,2023-09-27 14:36:25,49,0,NW
200422,104364,Weather,2024-07-19 10:34:50,2024-07-19 22:34:50,12,0,NW
200423,101787,Weather,2025-02-16 23:25:15,2025-02-17 22:25:15,23,0,SW
200424,100717,Weather,2025-12-13 23:34:45,2025-12-14 10:34:45,11,1,M.
200425,100720,Customer Not Available,2025-09-12 23:28:40,2025-09-14 11:28:40,36,1,NW
200426,103234,Address Issue,2025-10-26 20:55:10,2025-10-27 08:55:10,12,0,MW
200427,103857,Weather,2023-07-15 07:03:23,2023-07-15 16:03:23,9,0,MW
200428,102187,Weather,2023-01-06 00:42:25,2023-01-07 00:42:25,24,0,SW
200429,103958,W.,2025-11-25 19:33:41,2025-11-26 13:33:41,18,0,NW
200430,103752,Weather,2024-01-16 00:06:27,2024-01-17 03:06:27,27,0,NE
200431,104239,Weather,2024-08-04 14:50:19,2024-08-04 23:50:19,9,0,MW
200432,102269,Address Issue,2024-01-11 07:00:56,2024-01-12 16:00:56,33,0,MW
200433,100780,Mechanical,2024-11-24 17:35:58,2024-11-24 23:35:58,6,0,NW
200434,104987,Mechanical,2025-02-01 00:46:09,,33,0,NW
200435,100629,Weather,2025-08-15 14:53:45,2025-08-17 06:53:45,40,1,SW
200436,104530,Customer Not Available,2025-03-06 06:03:17,2025-03-06 12:03:17,6,0,SE
200437,103921,A.,2023-05-29 06:05:04,2023-05-29 10:05:04,4,0,SE
200438,103077,Address Issue,2023-06-12 16:59:04,2023-06-12 19:59:04,3,0,SE
200439,103312,Address Issue,2025-11-24 15:45:48,2025-11-25 04:45:48,13,1,M.
200440,103126,Mechanical,2024-05-23 09:35:39,2024-05-24 11:35:39,26,0,SW
200441,102430,Customer Not Available,2024-02-22 03:07:51,2024-02-23 13:07:51,34,0,SE
200442,103541,Mechanical,2024-01-13 15:27:24,2024-01-14 04:27:24,13,0,NW
200443,103142,Address Issue,2024-05-14 02:59:26,2024-05-16 01:59:26,47,0,MW
200444,101629,Mechanical,2025-11-16 01:19:28,2025-11-16 09:19:28,8,0,MW
200445,101473,Mechanical,2023-10-20 20:40:29,2023-10-21 08:40:29,12,0,NW
200446,100479,Weather,2024-08-24 11:53:26,2024-08-24 19:53:26,8,1,SW
200447,102069,W.,2023-07-20 05:55:05,2023-07-21 00:55:05,19,0,SW
200448,100560,Weather,2025-09-06 06:36:20,2025-09-07 23:36:20,41,0,SE
200449,102695,Address Issue,2025-05-16 05:23:10,2025-05-16 15:23:10,10,0,NW
200450,102659,W.,2023-01-26 12:09:46,2023-01-27 20:09:46,32,0,N.
200451,102759,Address Issue,2025-05-05 22:43:46,2025-05-06 19:43:46,21,0,SW
200452,102003,Weather,2023-12-02 19:18:16,2023-12-03 18:18:16,23,0,SE
200453,104216,Address Issue,2023-08-06 06:51:13,2023-08-07 09:51:13,27,0,MW
200454,102786,Mechanical,2024-03-07 00:29:19,2024-03-08 01:29:19,25,1,SW
200455,103992,Customer Not Available,2025-06-03 14:49:39,2025-06-03 21:49:39,7,0,NE
200456,101461,Address Issue,2023-08-20 01:32:56,2023-08-21 19:32:56,42,0,MW
200457,104846,Mechanical,2025-10-07 03:48:50,2025-10-08 14:48:50,35,0,MW
200458,104884,Weather,2025-05-20 11:48:53,2025-05-20 13:48:53,2,0,NW
200459,100894,Mechanical,2024-05-27 13:42:54,2024-05-28 17:42:54,28,0,NW
200460,101006,Mechanical,2024-10-02 01:41:33,2024-10-02 08:41:33,7,0,SW
200461,104282,Customer Not Available,2023-11-21 11:00:08,2023-11-23 05:00:08,42,0,NE
200462,100517,Weather,2024-10-31 03:29:23,2024-11-01 19:29:23,40,0,NW
200463,101000,Address Issue,2024-02-19 17:05:02,2024-02-20 05:05:02,12,0,SE
200464,103747,A.,2024-07-01 06:07:09,2024-07-01 23:07:09,17,0,MW
200465,100639,Address Issue,2025-10-29 16:06:05,2025-10-30 14:06:05,22,0,SE
200466,100729,Weather,2025-08-26 00:02:40,2025-08-26 09:02:40,9,0,MW
200467,104748,Address Issue,2025-01-16 18:17:32,2025-01-16 21:17:32,3,0,SE
200468,100432,Customer Not Available,2023-01-12 22:23:24,2023-01-13 20:23:24,22,0,MW
200469,103937,Mechanical,2024-09-03 19:36:39,2024-09-05 07:36:39,36,1,NW
200470,102810,W.,2023-05-26 06:33:24,2023-05-27 21:33:24,39,0,SE
200471,102937,Address Issue,2025-12-07 08:40:18,2025-12-08 02:40:18,18,1,SW
200472,104196,Mechanical,2024-08-05 09:35:42,2024-08-06 02:35:42,17,0,SW
200473,101121,Mechanical,2025-10-11 23:01:33,,27,0,NE
200474,104943,Customer Not Available,2024-11-25 14:31:41,2024-11-27 01:31:41,35,0,NE
200475,102326,Address Issue,2023-03-02 02:30:09,,32,0,NE
200476,101878,Weather,2025-04-29 21:11:42,2025-04-30 00:11:42,3,0,SE
200477,103416,Mechanical,2025-10-17 04:51:39,2025-10-17 17:51:39,13,0,MW
200478,102942,Customer Not Available,2024-02-13 03:00:19,,17,0,NE
200479,101614,Mechanical,2025-07-25 00:02:14,2025-07-25 18:02:14,18,0,NW
200480,104525,Customer Not Available,2025-08-27 06:52:49,2025-08-27 23:52:49,17,0,S.
200481,101062,Customer Not Available,2023-04-05 12:40:40,2023-04-07 12:40:40,48,0,SW
200482,102472,Mechanical,2025-04-07 15:39:02,2025-04-08 07:39:02,16,0,NW
200483,104524,Mechanical,2023-12-31 14:41:15,2024-01-01 12:41:15,22,0,SW
200484,104550,Address Issue,2025-10-02 11:48:38,2025-10-03 12:48:38,25,1,SE
200485,100518,Weather,2023-01-16 11:03:05,2023-01-16 12:03:05,1,0,NW
200486,103424,Customer Not Available,2025-09-20 23:11:06,2025-09-22 02:11:06,27,0,SE
200487,100209,Customer Not Available,2023-06-14 23:42:56,2023-06-15 13:42:56,14,0,SW
200488,104686,Mechanical,2024-07-06 06:01:48,2024-07-07 10:01:48,28,0,NW
200489,104989,Mechanical,2024-01-15 00:02:46,2024-01-16 23:02:46,47,0,NW
200490,100866,Mechanical,2023-03-11 10:27:42,2023-03-12 22:27:42,36,1,NW
200491,103940,Weather,2023-04-27 07:13:12,2023-04-29 02:13:12,43,1,SW
200492,100175,Mechanical,2024-10-18 19:40:39,2024-10-20 03:40:39,32,0,S.
200493,104856,Customer Not Available,2025-07-04 05:45:34,2025-07-05 10:45:34,29,0,SW
200494,103529,Customer Not Available,2023-02-02 19:12:58,2023-02-03 12:12:58,17,0,NE
200495,100216,Customer Not Available,2024-07-21 07:44:02,2024-07-22 11:44:02,28,0,NE
200496,102910,Weather,2025-08-31 06:12:47,2025-09-01 23:12:47,41,0,MW
200497,100603,Weather,2023-12-29 03:39:24,2023-12-30 00:39:24,21,0,NW
200498,101742,Weather,2024-01-29 12:52:18,2024-01-30 12:52:18,24,0,SW
200499,103303,Weather,2024-09-17 15:14:52,2024-09-19 13:14:52,46,0,NW
200500,100819,Address Issue,2024-10-01 12:28:43,2024-10-02 23:28:43,35,0,S.
200501,101061,Address Issue,2023-06-07 09:11:27,2023-06-08 05:11:27,20,0,SE
200502,102471,Address Issue,2025-03-05 17:45:41,2025-03-06 15:45:41,22,0,SW
200503,103470,Mechanical,2024-03-05 21:43:13,2024-03-06 01:43:13,4,0,NE
200504,103012,Weather,2023-10-06 08:29:14,2023-10-07 00:29:14,16,0,MW
200505,102955,Weather,2024-04-16 13:41:39,2024-04-17 10:41:39,21,1,NE
200506,102626,Address Issue,2024-03-21 01:43:44,2024-03-22 21:43:44,44,0,NW
200507,100184,Address Issue,2025-03-15 14:32:00,2025-03-16 11:32:00,21,0,NE
200508,103448,Weather,2025-01-08 23:48:32,2025-01-10 15:48:32,40,1,SW
200509,100601,Address Issue,2024-11-18 18:18:12,2024-11-20 11:18:12,41,0,NE
200510,101309,Mechanical,2023-08-30 13:54:36,2023-08-31 00:54:36,11,0,SE
200511,101371,Mechanical,2025-02-06 00:53:28,2025-02-07 13:53:28,37,0,SW
200512,102766,Mechanical,2024-03-16 14:47:31,2024-03-18 10:47:31,44,0,S.
200513,104625,Customer Not Available,2023-02-11 13:02:37,2023-02-12 11:02:37,22,0,S.
200514,101012,Customer Not Available,2025-08-17 01:57:59,2025-08-17 21:57:59,20,0,NE
200515,101854,Weather,2023-02-03 08:49:58,2023-02-03 10:49:58,2,0,SE
200516,100006,Customer Not Available,2025-04-29 08:59:25,2025-05-01 03:59:25,43,0,N.
200517,100187,Address Issue,2024-11-03 13:27:36,2024-11-04 00:27:36,11,0,NW
200518,104045,Mechanical,2024-01-04 10:52:32,2024-01-05 07:52:32,21,0,MW
200519,101623,Mechanical,2023-06-18 10:58:46,2023-06-19 19:58:46,33,0,MW
200520,101139,Customer Not Available,2023-05-12 19:48:56,2023-05-14 20:48:56,49,0,MW
200521,100062,Mechanical,2024-08-26 06:38:38,2024-08-26 23:38:38,17,0,NW
200522,100440,Mechanical,2025-08-21 15:32:57,2025-08-23 03:32:57,36,0,NW
200523,101367,Mechanical,2023-08-18 15:04:31,2023-08-19 05:04:31,14,0,NW
200524,100586,Address Issue,2023-09-03 04:34:21,2023-09-04 17:34:21,37,1,SE
200525,100378,Customer Not Available,2025-08-14 16:05:17,2025-08-15 23:05:17,31,0,SW
200526,101255,Mechanical,2023-08-02 17:35:29,2023-08-02 21:35:29,4,1,NW
200527,102487,Mechanical,2024-03-26 19:54:38,2024-03-27 01:54:38,6,0,MW
200528,102441,Mechanical,2024-11-06 05:51:56,2024-11-07 02:51:56,21,0,MW
200529,103946,Weather,2025-09-02 12:27:47,2025-09-03 01:27:47,13,0,NE
200530,100736,A.,2023-05-06 06:20:14,,38,0,SW
200531,103347,Customer Not Available,2025-10-15 23:10:38,2025-10-16 14:10:38,15,1,NW
200532,100873,Mechanical,2023-02-21 23:07:08,2023-02-22 04:07:08,5,0,SW
200533,104799,Address Issue,2024-05-21 18:40:54,2024-05-23 08:40:54,38,0,NW
200534,103238,Mechanical,2024-06-13 16:08:55,2024-06-14 16:08:55,24,1,MW
200535,100098,Customer Not Available,2024-01-26 19:46:52,2024-01-27 13:46:52,18,0,SW
200536,102459,Customer Not Available,2023-10-31 12:56:40,2023-11-01 17:56:40,29,0,SW
200537,103299,Weather,2024-07-21 10:28:17,2024-07-22 18:28:17,32,0,NW
200538,100413,Weather,2025-03-25 00:02:09,2025-03-25 07:02:09,7,0,NW
200539,100313,Weather,2025-11-02 18:44:14,2025-11-04 00:44:14,30,0,SW
200540,102373,Weather,2023-08-14 12:36:20,2023-08-16 02:36:20,38,1,NW
200541,101785,Mechanical,2024-01-13 03:40:29,2024-01-14 05:40:29,26,0,S.
200542,101432,Address Issue,2025-02-26 11:50:29,2025-02-26 19:50:29,8,0,NE
200543,104518,Mechanical,2024-05-13 03:46:03,2024-05-14 04:46:03,25,0,SW
200544,104325,Weather,2024-03-26 20:35:10,2024-03-28 02:35:10,30,0,SE
200545,101594,Weather,2023-04-22 09:52:47,2023-04-23 09:52:47,24,0,SW
200546,104772,Mechanical,2025-01-17 23:28:07,2025-01-19 05:28:07,30,0,NE
200547,103583,Mechanical,2023-02-18 05:58:55,2023-02-18 10:58:55,5,0,NE
200548,104811,Address Issue,2025-03-28 18:41:16,2025-03-28 22:41:16,4,0,MW
200549,100337,Address Issue,2023-08-19 17:11:30,2023-08-21 11:11:30,42,0,MW
200550,104341,Customer Not Available,2023-02-06 03:53:44,2023-02-06 12:53:44,9,0,SE
200551,100557,Address Issue,2025-12-11 08:13:55,2025-12-12 17:13:55,33,0,NW
200552,104299,Address Issue,2023-04-10 09:04:27,2023-04-11 14:04:27,29,0,NW
200553,101216,W.,2023-08-15 03:47:04,2023-08-16 10:47:04,31,0,NE
200554,103910,Weather,2024-08-20 17:58:42,2024-08-22 13:58:42,44,1,N.
200555,103430,Customer Not Available,2025-05-12 10:03:21,2025-05-13 05:03:21,19,0,MW
200556,104769,Customer Not Available,2025-02-19 03:37:30,2025-02-21 00:37:30,45,0,NE
200557,100735,A.,2024-11-29 19:30:29,2024-12-01 18:30:29,47,1,SW
200558,103325,Address Issue,2024-08-17 06:43:50,2024-08-17 08:43:50,2,0,SW
200559,102331,Customer Not Available,2023-03-08 19:48:45,2023-03-09 15:48:45,20,0,SE
200560,102265,Customer Not Available,2025-09-18 14:18:17,2025-09-19 02:18:17,12,0,SW
200561,104668,Weather,2024-12-10 13:53:03,,21,0,SE
200562,103623,Customer Not Available,2025-10-26 15:50:57,2025-10-27 22:50:57,31,1,MW
200563,100181,Weather,2025-03-01 10:11:13,2025-03-02 22:11:13,36,0,SW
200564,100207,Weather,2025-01-16 08:53:02,2025-01-17 04:53:02,20,0,SE
200565,102470,Customer Not Available,2024-08-08 13:20:31,2024-08-10 09:20:31,44,0,NW
200566,101193,Customer Not Available,2023-01-17 06:53:27,2023-01-18 02:53:27,20,0,SE
200567,104234,Address Issue,2023-12-26 14:56:34,2023-12-28 11:56:34,45,0,SW
200568,104349,Address Issue,2023-12-22 10:16:16,,36,1,SE
200569,101189,Weather,2024-01-09 10:33:57,2024-01-11 08:33:57,46,0,MW
200570,104664,Weather,2024-04-11 01:41:44,2024-04-11 19:41:44,18,0,NE
200571,101658,Customer Not Available,2024-04-30 00:13:34,2024-04-30 06:13:34,6,0,NW
200572,100425,Mechanical,2023-11-26 16:55:40,2023-11-28 01:55:40,33,0,MW
200573,103577,Mechanical,2024-07-24 13:00:28,2024-07-24 23:00:28,10,0,NW
200574,101429,Customer Not Available,2024-09-18 00:49:47,2024-09-18 18:49:47,18,1,NW
200575,104857,Weather,2025-08-23 15:23:25,2025-08-25 01:23:25,34,0,SE
200576,100568,Weather,2025-04-26 15:08:56,2025-04-27 06:08:56,15,0,NE
200577,102626,Mechanical,2024-01-15 13:08:57,2024-01-15 16:08:57,3,0,SE
200578,100230,Address Issue,2024-06-25 19:47:48,2024-06-26 03:47:48,8,0,SE
200579,100994,Weather,2023-12-21 00:48:52,2023-12-21 11:48:52,11,0,SW
200580,101656,Customer Not Available,2025-05-09 07:40:20,2025-05-11 05:40:20,46,0,SE
200581,104039,Weather,2025-11-03 13:53:56,2025-11-04 21:53:56,32,0,NE
200582,100789,Weather,2024-01-21 09:47:09,2024-01-23 09:47:09,48,0,M.
200583,102625,Address Issue,2025-01-21 23:31:31,2025-01-23 17:31:31,42,0,SE
200584,101036,Mechanical,2023-10-20 11:05:09,2023-10-21 04:05:09,17,0,NE
200585,104438,Address Issue,2024-06-25 08:47:39,2024-06-27 07:47:39,47,0,S.
200586,101612,Customer Not Available,2023-12-22 04:59:28,2023-12-23 10:59:28,30,0,NW
200587,100338,Customer Not Available,2023-11-03 19:59:11,2023-11-05 14:59:11,43,0,SE
200588,100585,Address Issue,2024-11-02 18:09:53,2024-11-03 02:09:53,8,0,SW
200589,100421,Customer Not Available,2024-05-09 15:36:24,2024-05-11 07:36:24,40,0,NW
200590,101313,Customer Not Available,2025-04-07 17:22:29,2025-04-08 00:22:29,7,1,NE
200591,101313,W.,2023-03-08 19:03:01,2023-03-09 15:03:01,20,1,SE
200592,103842,Customer Not Available,2023-03-21 21:44:51,2023-03-22 09:44:51,12,0,NW
200593,101177,Weather,2025-01-24 03:32:04,2025-01-25 00:32:04,21,0,NW
200594,101738,Customer Not Available,2024-11-30 01:52:40,2024-12-01 05:52:40,28,0,MW
200595,101666,Mechanical,2024-07-01 10:34:42,2024-07-02 14:34:42,28,0,NW
200596,104223,Address Issue,2024-11-21 16:24:31,2024-11-22 08:24:31,16,0,NE
200597,104528,M.,2024-08-23 02:48:39,2024-08-25 02:48:39,48,0,SE
200598,100514,Address Issue,2023-08-31 03:16:14,2023-08-31 13:16:14,10,0,NW
200599,103329,Weather,2024-09-16 17:18:19,2024-09-17 15:18:19,22,0,NE
200600,104597,Mechanical,2025-08-18 22:26:28,2025-08-19 05:26:28,7,0,MW
200601,100988,Address Issue,2024-12-09 00:40:18,2024-12-09 04:40:18,4,1,SE
200602,104512,Weather,2023-02-05 22:43:10,2023-02-06 22:43:10,24,0,S.
200603,104195,Customer Not Available,2024-06-14 06:17:04,2024-06-15 16:17:04,34,0,NW
200604,101417,Customer Not Available,2025-08-13 22:00:19,2025-08-15 15:00:19,41,0,NW
200605,104974,Weather,2025-08-15 17:04:03,2025-08-17 16:04:03,47,0,MW
200606,102725,Address Issue,2024-09-26 12:30:39,2024-09-27 02:30:39,14,0,NE
200607,102196,W.,2024-06-05 21:11:16,2024-06-07 17:11:16,44,0,MW
200608,102014,Address Issue,2024-06-17 13:23:36,2024-06-19 14:23:36,49,0,NE
200609,100450,Address Issue,2024-12-09 01:30:37,2024-12-09 18:30:37,17,0,SE
200610,100533,Address Issue,2024-12-30 15:08:15,2025-01-01 12:08:15,45,0,NW
200611,102915,Customer Not Available,2023-06-17 10:47:39,2023-06-17 18:47:39,8,0,SW
200612,104818,Address Issue,2024-10-27 07:00:17,2024-10-29 01:00:17,42,0,MW
200613,104959,W.,2025-12-07 17:10:06,2025-12-08 06:10:06,13,0,SW
200614,101543,Customer Not Available,2023-05-17 14:15:11,2023-05-17 21:15:11,7,0,SW
200615,100818,Address Issue,2023-03-18 16:19:00,2023-03-18 19:19:00,3,0,NW
200616,101689,Customer Not Available,2024-08-30 16:05:31,2024-08-31 16:05:31,24,0,NW
200617,102293,Customer Not Available,2024-09-03 03:35:09,2024-09-05 02:35:09,47,0,SW
200618,101472,Address Issue,2025-04-06 01:09:40,2025-04-07 01:09:40,24,0,SE
200619,102201,Address Issue,2024-01-21 00:29:31,2024-01-21 07:29:31,7,0,SW
200620,100245,Weather,2023-07-07 08:58:12,2023-07-08 14:58:12,30,0,NE
200621,100814,Customer Not Available,2025-03-16 13:33:42,,5,0,NE
200622,103114,Mechanical,2025-11-04 08:49:21,2025-11-06 00:49:21,40,0,NE
200623,100392,Customer Not Available,2024-08-27 03:12:23,2024-08-28 00:12:23,21,1,NE
200624,104258,Address Issue,2023-02-03 09:34:08,2023-02-05 10:34:08,49,0,MW
200625,104561,Mechanical,2024-12-27 16:30:33,2024-12-28 00:30:33,8,1,SE
200626,104607,Mechanical,2025-04-08 16:38:50,2025-04-08 23:38:50,7,0,MW
200627,101170,Address Issue,2025-08-13 15:53:31,2025-08-15 06:53:31,39,0,MW
200628,104943,Customer Not Available,2023-08-17 20:06:14,2023-08-17 22:06:14,2,0,NE
200629,103227,Mechanical,2024-09-22 18:49:36,2024-09-24 13:49:36,43,0,SE
200630,102562,Mechanical,2023-03-22 08:20:27,2023-03-22 20:20:27,12,0,SE
200631,102193,Customer Not Available,2024-06-26 06:20:55,2024-06-27 10:20:55,28,0,SW
200632,103583,Address Issue,2025-01-12 08:52:23,2025-01-14 04:52:23,44,0,M.
200633,103340,Customer Not Available,2025-04-04 14:06:03,2025-04-05 09:06:03,19,0,SE
200634,102343,Customer Not Available,2023-04-25 16:24:03,2023-04-26 20:24:03,28,0,NW
200635,102361,Weather,2025-08-03 04:30:39,2025-08-04 15:30:39,35,0,MW
200636,102616,Mechanical,2025-08-13 21:43:27,2025-08-14 09:43:27,12,0,SE
200637,102524,Address Issue,2023-01-02 07:39:13,2023-01-03 11:39:13,28,0,NW
200638,101142,Address Issue,2024-01-17 03:22:43,2024-01-18 05:22:43,26,0,NW
200639,102581,Mechanical,2025-09-08 21:47:54,2025-09-10 11:47:54,38,0,NW
200640,103634,Mechanical,2024-11-11 02:43:06,2024-11-11 08:43:06,6,0,NE
200641,104569,Mechanical,2025-05-14 16:07:37,2025-05-15 11:07:37,19,0,SW
200642,104823,Address Issue,2024-12-17 06:28:27,2024-12-18 09:28:27,27,0,SW
200643,100587,Customer Not Available,2025-06-08 18:58:56,2025-06-09 03:58:56,9,0,SE
200644,101189,Customer Not Available,2025-04-18 00:19:29,2025-04-19 17:19:29,41,1,SE
200645,104575,Address Issue,2024-12-26 12:02:51,2024-12-26 22:02:51,10,0,SW
200646,100060,Customer Not Available,2023-08-29 08:24:56,2023-08-29 18:24:56,10,0,NW
200647,101840,Weather,2024-04-11 12:37:05,2024-04-12 21:37:05,33,0,SE
200648,101302,Weather,2024-02-29 08:03:12,2024-03-01 02:03:12,18,0,NE
200649,104683,Address Issue,2025-12-27 07:24:23,2025-12-27 17:24:23,10,0,N.
200650,104304,Customer Not Available,2023-10-15 05:27:45,2023-10-15 12:27:45,7,0,SW
200651,100036,Weather,2024-03-13 08:34:59,2024-03-15 00:34:59,40,0,SE
200652,101157,Customer Not Available,2025-08-10 21:24:59,2025-08-12 05:24:59,32,0,SE
200653,104830,Mechanical,2024-04-18 08:57:02,2024-04-20 03:57:02,43,0,NW
200654,102959,Customer Not Available,2025-12-26 13:44:29,2025-12-26 19:44:29,6,0,SE
200655,101420,Weather,2025-03-06 18:39:39,2025-03-07 13:39:39,19,1,SW
200656,103323,Weather,2023-10-22 16:22:33,2023-10-24 09:22:33,41,0,SE
200657,100506,Address Issue,2023-08-23 21:32:38,2023-08-25 16:32:38,43,1,SE
200658,101614,Address Issue,2025-11-02 14:32:50,2025-11-04 00:32:50,34,1,NE
200659,101267,Mechanical,2024-03-11 13:02:50,2024-03-13 08:02:50,43,0,SW
200660,104925,Weather,2023-12-13 21:22:01,2023-12-14 02:22:01,5,1,MW
200661,100972,Address Issue,2024-01-27 22:28:10,2024-01-28 17:28:10,19,1,SW
200662,100449,Address Issue,2025-06-15 05:56:34,2025-06-17 06:56:34,49,0,S.
200663,104215,Address Issue,2024-05-29 14:00:10,2024-05-30 04:00:10,14,1,M.
200664,103380,Mechanical,2023-09-17 06:38:46,2023-09-17 16:38:46,10,0,MW
200665,104729,Mechanical,2023-07-08 21:58:54,2023-07-10 22:58:54,49,0,NE
200666,100211,Weather,2025-01-12 12:28:18,2025-01-12 23:28:18,11,0,NW
200667,102331,Mechanical,2024-03-21 09:40:29,2024-03-22 16:40:29,31,0,SW
200668,103601,Weather,2023-07-10 08:32:49,2023-07-10 10:32:49,2,0,SW
200669,101064,Weather,2025-07-09 10:36:42,2025-07-09 20:36:42,10,1,SW
200670,101446,Weather,2025-10-26 18:04:41,2025-10-27 15:04:41,21,1,SW
200671,103016,Address Issue,2024-02-03 05:58:14,2024-02-03 06:58:14,1,0,NE
200672,101532,Customer Not Available,2025-02-22 16:06:32,,46,0,SW
200673,102953,Address Issue,2023-09-09 13:29:28,2023-09-10 20:29:28,31,1,MW
200674,101833,Address Issue,2024-11-23 05:56:56,2024-11-23 16:56:56,11,0,MW
200675,102407,Mechanical,2024-09-03 01:02:18,2024-09-04 20:02:18,43,1,SE
200676,103305,Address Issue,2023-01-11 16:18:01,2023-01-12 02:18:01,10,0,NE
200677,104741,Weather,2024-11-13 04:34:24,2024-11-14 00:34:24,20,1,SE
200678,101356,Customer Not Available,2025-10-24 11:28:35,,21,0,SW
200679,102253,Mechanical,2023-07-26 21:55:15,2023-07-28 10:55:15,37,1,NE
200680,103997,Customer Not Available,2023-02-12 04:23:21,2023-02-13 17:23:21,37,1,NE
200681,102136,Mechanical,2023-06-12 15:21:59,2023-06-13 05:21:59,14,1,NW
200682,100935,Address Issue,2025-01-29 17:18:42,2025-01-29 22:18:42,5,0,NW
200683,101122,Address Issue,2023-08-25 05:46:55,2023-08-25 11:46:55,6,1,SE
200684,101509,Address Issue,2025-06-26 20:27:41,2025-06-27 20:27:41,24,0,SE
200685,100710,Address Issue,2023-12-10 09:39:28,2023-12-11 01:39:28,16,0,MW
200686,100993,Mechanical,2025-09-20 12:40:34,2025-09-21 11:40:34,23,0,MW
200687,100054,Mechanical,2023-01-27 22:02:29,2023-01-29 21:02:29,47,0,MW
200688,101640,Weather,2023-06-03 10:50:14,2023-06-05 00:50:14,38,1,NE
200689,102361,Mechanical,2024-11-01 13:32:20,2024-11-02 05:32:20,16,0,SW
200690,103175,Mechanical,2025-09-15 09:20:52,2025-09-15 22:20:52,13,1,SE
200691,101756,Address Issue,2024-12-12 02:48:34,2024-12-13 23:48:34,45,0,MW
200692,100775,Weather,2023-11-10 14:36:27,2023-11-10 22:36:27,8,0,NE
200693,100355,Customer Not Available,2025-02-16 08:43:30,2025-02-17 22:43:30,38,1,NW
200694,103450,Mechanical,2023-10-09 16:45:54,2023-10-11 00:45:54,32,0,SW
200695,102742,Customer Not Available,2023-02-21 22:16:24,2023-02-22 20:16:24,22,0,NW
200696,100563,Address Issue,2025-01-28 07:26:11,2025-01-29 00:26:11,17,0,NW
200697,102394,Address Issue,2025-11-26 09:45:16,2025-11-26 14:45:16,5,0,SW
200698,102892,Customer Not Available,2025-11-11 23:19:33,2025-11-12 07:19:33,8,0,NE
200699,101526,Customer Not Available,2024-03-07 06:45:52,2024-03-08 12:45:52,30,0,NW
200700,104120,Weather,2025-03-11 16:58:18,2025-03-12 11:58:18,19,1,NE
200701,104187,Mechanical,2023-01-30 07:07:29,2023-01-30 19:07:29,12,0,NW
200702,102376,Mechanical,2025-05-05 06:41:30,2025-05-06 07:41:30,25,0,MW
200703,101561,Mechanical,2025-12-24 08:06:53,2025-12-26 04:06:53,44,0,SW
200704,103019,Mechanical,2023-03-19 19:08:01,2023-03-20 08:08:01,13,0,SE
200705,104697,Weather,2024-07-07 02:08:29,2024-07-07 06:08:29,4,0,SW
200706,104437,Address Issue,2025-04-14 12:39:06,2025-04-14 22:39:06,10,0,NW
200707,102944,Customer Not Available,2023-02-10 12:04:41,2023-02-12 12:04:41,48,0,NW
200708,103991,Address Issue,2023-11-07 13:49:19,2023-11-08 17:49:19,28,1,MW
200709,100541,Weather,2023-12-16 13:17:22,2023-12-16 18:17:22,5,0,MW
200710,102573,Mechanical,2024-03-08 07:48:27,2024-03-09 11:48:27,28,0,SW
200711,101153,Address Issue,2024-08-01 05:06:05,2024-08-03 01:06:05,44,0,SE
200712,103589,Mechanical,2023-04-29 04:41:56,,31,0,SW
200713,101746,Customer Not Available,2023-11-25 01:57:31,2023-11-25 17:57:31,16,0,SE
200714,101172,Address Issue,2025-06-09 08:40:32,2025-06-10 07:40:32,23,0,NE
200715,101299,Mechanical,2023-08-29 01:20:10,2023-08-30 06:20:10,29,0,NW
200716,103732,Weather,2024-03-31 11:53:26,2024-04-02 10:53:26,47,0,NE
200717,103267,Customer Not Available,2024-09-04 12:14:16,2024-09-05 09:14:16,21,0,SW
200718,104504,Mechanical,2025-05-09 21:37:50,2025-05-09 23:37:50,2,1,SE
200719,104978,Mechanical,2023-04-12 22:25:12,2023-04-13 21:25:12,23,1,SE
200720,100070,Weather,2023-10-21 05:39:50,2023-10-21 21:39:50,16,0,NE
200721,101222,Customer Not Available,2025-03-11 13:13:14,2025-03-12 00:13:14,11,0,MW
200722,104640,Weather,2025-04-05 05:39:38,2025-04-05 14:39:38,9,0,MW
200723,104914,Customer Not Available,2023-08-13 09:50:20,2023-08-13 11:50:20,2,0,NE
200724,100601,M.,2023-04-29 07:28:49,2023-04-30 01:28:49,18,0,MW
200725,101488,Mechanical,2024-08-03 21:15:06,2024-08-04 10:15:06,13,0,SE
200726,103161,Customer Not Available,2023-10-05 21:37:58,2023-10-07 18:37:58,45,0,SW
200727,104980,Mechanical,2023-11-21 10:39:56,2023-11-21 18:39:56,8,0,MW
200728,102894,Address Issue,2025-01-04 14:11:39,2025-01-05 00:11:39,10,0,SE
200729,101811,Mechanical,2023-02-04 02:04:40,2023-02-05 05:04:40,27,0,SW
200730,101772,Customer Not Available,2023-08-05 21:45:34,2023-08-06 14:45:34,17,1,SE
200731,100000,Address Issue,2024-08-14 03:09:26,,24,0,NW
200732,104644,Customer Not Available,2023-10-18 11:31:27,2023-10-19 08:31:27,21,0,SW
200733,102181,Address Issue,2024-01-13 10:58:54,2024-01-13 11:58:54,1,0,NW
200734,103323,Address Issue,2024-12-08 12:28:13,2024-12-09 04:28:13,16,0,MW
200735,104964,Weather,2024-04-12 13:53:39,2024-04-14 08:53:39,43,0,MW
200736,102777,Weather,2024-09-06 13:56:50,2024-09-07 22:56:50,33,0,SE
200737,104616,Address Issue,2023-12-20 10:57:31,2023-12-20 16:57:31,6,0,NE
200738,100908,Address Issue,2025-01-22 06:32:20,2025-01-22 18:32:20,12,0,SE
200739,101922,Address Issue,2024-10-23 01:14:30,2024-10-24 09:14:30,32,0,NW
200740,101986,Weather,2023-08-12 05:13:51,2023-08-14 05:13:51,48,0,SW
200741,104042,W.,2023-11-07 05:59:42,2023-11-07 16:59:42,11,0,NE
200742,101837,Weather,2023-08-30 21:23:21,2023-08-31 15:23:21,18,0,SE
200743,103641,Address Issue,2025-07-07 03:43:48,2025-07-07 05:43:48,2,0,NW
200744,100500,Address Issue,2024-11-11 22:17:57,2024-11-13 06:17:57,32,0,NW
200745,101822,Customer Not Available,2024-11-24 11:42:13,2024-11-26 12:42:13,49,0,MW
200746,101331,Mechanical,2023-10-14 10:03:21,2023-10-16 11:03:21,49,0,SE
200747,104346,Mechanical,2025-10-02 11:09:42,2025-10-03 07:09:42,20,0,SE
200748,102952,Weather,2024-12-14 07:25:54,2024-12-15 04:25:54,21,1,NW
200749,101626,Weather,2023-05-05 21:19:39,2023-05-07 09:19:39,36,0,SE
200750,101227,Mechanical,2025-08-27 10:33:29,2025-08-29 00:33:29,38,0,MW
200751,102055,Weather,2025-08-02 13:34:42,2025-08-03 16:34:42,27,0,NE
200752,102155,Address Issue,2023-07-08 23:18:12,2023-07-10 22:18:12,47,0,NW
200753,101877,Mechanical,2024-10-01 17:23:46,2024-10-02 04:23:46,11,0,MW
200754,104061,Address Issue,2025-04-09 16:16:38,2025-04-10 10:16:38,18,0,MW
200755,102864,Mechanical,2023-10-30 03:58:07,2023-10-30 20:58:07,17,1,S.
200756,102570,Mechanical,2023-08-14 03:46:28,2023-08-15 13:46:28,34,1,NE
200757,101396,Weather,2024-11-03 10:28:08,2024-11-05 07:28:08,45,0,MW
200758,104481,Address Issue,2024-10-06 07:50:06,2024-10-07 09:50:06,26,0,SW
200759,104278,Address Issue,2024-12-03 13:16:17,2024-12-03 19:16:17,6,0,SW
200760,102969,Customer Not Available,2025-04-23 04:35:59,2025-04-24 23:35:59,43,1,SE
200761,103589,Address Issue,2025-08-14 22:39:34,2025-08-16 04:39:34,30,0,MW
200762,101891,Address Issue,2023-11-09 10:05:33,2023-11-11 01:05:33,39,0,NW
200763,101273,W.,2025-11-26 21:12:54,2025-11-28 05:12:54,32,0,SE
200764,102245,Customer Not Available,2025-11-26 10:43:45,2025-11-27 03:43:45,17,0,NE
200765,103710,Address Issue,2024-07-20 18:44:07,2024-07-21 07:44:07,13,0,NW
200766,100036,Weather,2023-07-10 15:32:45,2023-07-12 13:32:45,46,0,NW
200767,102940,Mechanical,2023-12-28 22:43:03,2023-12-30 15:43:03,41,0,SW
200768,100420,Address Issue,2023-04-02 17:27:20,2023-04-03 06:27:20,13,0,MW
200769,103079,Weather,2025-08-04 17:06:57,2025-08-04 23:06:57,6,1,SW
200770,104215,Mechanical,2023-02-18 19:26:24,2023-02-19 17:26:24,22,0,SW
200771,104839,Address Issue,2025-02-10 05:07:27,2025-02-11 14:07:27,33,0,MW
200772,103808,Address Issue,2025-05-07 18:18:16,2025-05-09 03:18:16,33,0,MW
200773,102419,Weather,2023-03-29 20:58:05,2023-03-30 00:58:05,4,1,MW
200774,102280,Mechanical,2023-10-09 02:18:42,2023-10-09 16:18:42,14,0,SW
200775,102334,Mechanical,2024-09-07 07:30:01,2024-09-09 07:30:01,48,0,MW
200776,100737,Mechanical,2025-11-27 18:43:56,2025-11-29 05:43:56,35,0,MW
200777,101418,Mechanical,2023-03-06 17:50:57,2023-03-07 20:50:57,27,0,NW
200778,104547,Address Issue,2024-08-02 03:23:05,2024-08-02 09:23:05,6,0,SW
200779,102041,Mechanical,2023-08-15 11:01:37,2023-08-15 12:01:37,1,0,MW
200780,101785,Weather,2023-03-02 13:35:35,2023-03-04 08:35:35,43,0,SW
200781,101062,Weather,2023-01-24 20:20:18,2023-01-26 00:20:18,28,0,NE
200782,103568,Address Issue,2024-02-04 17:10:40,2024-02-05 22:10:40,29,1,SE
200783,100371,Weather,2023-12-22 17:51:19,2023-12-24 01:51:19,32,0,NW
200784,102596,Customer Not Available,2024-12-22 05:13:37,2024-12-23 09:13:37,28,0,NW
200785,101002,Address Issue,2025-05-09 19:33:59,2025-05-10 22:33:59,27,0,SW
200786,102523,Customer Not Available,2023-09-21 18:16:57,2023-09-22 04:16:57,10,0,MW
200787,104500,Mechanical,2024-07-22 00:20:08,2024-07-22 18:20:08,18,0,SW
200788,101418,Customer Not Available,2023-07-02 04:12:32,2023-07-02 08:12:32,4,0,SE
200789,104676,Address Issue,2023-09-04 21:31:49,2023-09-06 11:31:49,38,0,NW
200790,103201,Mechanical,2024-12-20 01:15:55,2024-12-21 18:15:55,41,0,NW
200791,100626,Weather,2025-08-24 21:28:52,2025-08-26 15:28:52,42,0,SE
200792,101821,Address Issue,2023-10-03 15:11:11,2023-10-04 23:11:11,32,0,SW
200793,104436,M.,2023-10-07 05:13:41,2023-10-07 10:13:41,5,0,NW
200794,104307,Address Issue,2023-12-19 13:57:22,2023-12-20 11:57:22,22,0,MW
200795,102961,Mechanical,2025-05-17 15:06:38,2025-05-19 15:06:38,48,0,S.
200796,101646,Address Issue,2025-03-25 04:08:08,2025-03-26 02:08:08,22,0,MW
200797,101999,Address Issue,2025-06-17 12:58:58,2025-06-17 14:58:58,2,0,NE
200798,102635,Address Issue,2025-09-28 13:16:15,2025-09-30 06:16:15,41,0,SE
200799,102343,Address Issue,2025-01-11 10:50:49,2025-01-13 05:50:49,43,0,NW
200800,103159,Customer Not Available,2025-02-23 07:52:31,2025-02-24 17:52:31,34,0,SE
200801,101009,Mechanical,2025-12-17 14:12:44,2025-12-17 16:12:44,2,1,SE
200802,103218,Mechanical,2023-06-12 20:58:59,2023-06-14 18:58:59,46,0,MW
200803,104150,Address Issue,2024-07-04 10:29:47,2024-07-05 22:29:47,36,0,NW
200804,102812,Address Issue,2024-09-12 12:05:46,2024-09-14 04:05:46,40,1,NE
200805,103740,Weather,2023-03-07 19:33:44,2023-03-08 03:33:44,8,1,SE
200806,104976,M.,2023-01-27 18:23:40,2023-01-29 03:23:40,33,0,MW
200807,104038,Customer Not Available,2023-09-18 03:25:32,2023-09-19 12:25:32,33,0,MW
200808,103834,Mechanical,2023-06-15 12:20:45,2023-06-15 16:20:45,4,1,NW
200809,101799,Mechanical,2025-02-22 16:27:37,2025-02-23 10:27:37,18,0,SW
200810,102884,Mechanical,2025-04-25 12:20:47,2025-04-26 07:20:47,19,1,SW
200811,101322,Weather,2025-01-25 00:54:09,2025-01-25 10:54:09,10,1,NE
200812,102609,Customer Not Available,2024-06-15 18:11:18,2024-06-17 12:11:18,42,0,MW
200813,100724,Address Issue,2024-02-03 01:23:46,2024-02-04 18:23:46,41,1,SW
200814,102411,Customer Not Available,2024-09-13 13:49:20,2024-09-14 19:49:20,30,0,SE
200815,101315,Address Issue,2024-03-22 21:25:31,2024-03-23 19:25:31,22,0,NE
200816,101412,Address Issue,2025-08-01 10:43:34,2025-08-03 01:43:34,39,0,SE
200817,104848,Customer Not Available,2024-04-25 13:04:43,2024-04-27 03:04:43,38,0,SW
200818,103542,Weather,2025-03-23 10:16:22,2025-03-23 11:16:22,1,0,MW
200819,101554,Weather,2023-08-13 03:58:07,2023-08-14 09:58:07,30,0,SW
200820,100425,Address Issue,2024-02-11 05:47:12,2024-02-11 10:47:12,5,1,NE
200821,103949,Weather,2025-06-27 02:53:40,2025-06-29 01:53:40,47,0,NE
200822,104494,Weather,2025-02-01 09:01:37,2025-02-02 11:01:37,26,0,SE
200823,100303,Weather,2023-03-11 03:09:52,2023-03-13 01:09:52,46,0,SE
200824,100103,Weather,2024-05-29 12:53:20,2024-05-30 19:53:20,31,1,N.
200825,100363,Address Issue,2025-08-21 23:49:34,2025-08-23 14:49:34,39,0,SE
200826,104662,Weather,2024-07-18 23:53:08,2024-07-20 16:53:08,41,1,NW
200827,102847,Customer Not Available,2023-09-23 07:10:30,2023-09-23 19:10:30,12,0,NE
200828,102723,Customer Not Available,2023-09-11 00:18:56,2023-09-11 17:18:56,17,0,SE
200829,103948,Address Issue,2023-06-05 06:46:11,2023-06-06 00:46:11,18,1,SW
200830,101108,Mechanical,2023-11-02 12:07:08,2023-11-02 14:07:08,2,0,MW
200831,102415,Weather,2024-04-30 17:32:07,2024-05-02 18:32:07,49,0,NW
200832,101897,Customer Not Available,2025-11-07 07:02:46,2025-11-08 07:02:46,24,1,NW
200833,104820,Mechanical,2024-03-22 09:15:26,2024-03-23 13:15:26,28,0,MW
200834,100714,Customer Not Available,2025-07-05 18:37:43,2025-07-07 09:37:43,39,0,MW
200835,102872,Customer Not Available,2024-11-01 03:33:16,2024-11-01 13:33:16,10,1,SW
200836,101202,Mechanical,2025-03-11 18:02:06,2025-03-13 17:02:06,47,0,MW
200837,100091,Weather,2023-10-17 06:43:18,2023-10-18 15:43:18,33,1,NW
200838,101523,Address Issue,2025-01-01 11:46:11,2025-01-02 11:46:11,24,0,SW
200839,104719,A.,2024-01-06 15:04:26,2024-01-07 02:04:26,11,0,MW
200840,103979,Address Issue,2023-11-11 04:20:11,2023-11-11 12:20:11,8,0,SW
200841,100168,Weather,2023-10-07 01:56:33,2023-10-08 04:56:33,27,1,SW
200842,101319,Weather,2025-02-03 22:04:23,2025-02-05 00:04:23,26,0,SE
200843,102240,Customer Not Available,2024-07-04 12:34:23,2024-07-05 00:34:23,12,0,MW
200844,100869,Address Issue,2023-07-05 07:14:23,2023-07-06 18:14:23,35,0,SE
200845,102766,Address Issue,2025-10-16 23:43:43,2025-10-17 14:43:43,15,0,NW
200846,103357,Customer Not Available,2023-03-15 05:48:49,2023-03-16 02:48:49,21,0,SW
200847,103287,Customer Not Available,2024-08-27 15:53:17,2024-08-29 04:53:17,37,1,NW
200848,100974,M.,2025-04-28 10:12:12,2025-04-29 16:12:12,30,0,SW
200849,104456,Mechanical,2024-10-28 09:47:33,2024-10-28 14:47:33,5,1,MW
200850,104138,Weather,2023-05-07 01:24:43,2023-05-07 18:24:43,17,0,NE
200851,102228,Address Issue,2023-08-14 15:01:35,2023-08-15 17:01:35,26,0,MW
200852,102558,Customer Not Available,2023-04-15 03:42:26,2023-04-16 13:42:26,34,0,SW
200853,102509,Address Issue,2023-09-08 21:18:26,2023-09-10 06:18:26,33,0,NE
200854,102333,Weather,2024-06-11 20:49:33,2024-06-12 14:49:33,18,0,NE
200855,101320,Address Issue,2025-11-12 17:23:48,2025-11-13 18:23:48,25,1,MW
200856,101579,Customer Not Available,2025-07-29 18:35:24,2025-07-31 11:35:24,41,0,NW
200857,101908,Customer Not Available,2023-10-09 07:29:41,2023-10-10 13:29:41,30,0,MW
200858,101784,Customer Not Available,2023-08-22 13:47:18,2023-08-24 02:47:18,37,0,S.
200859,101915,Weather,2024-03-22 17:39:40,2024-03-23 13:39:40,20,0,NW
200860,102980,Customer Not Available,2023-07-21 01:18:59,2023-07-22 22:18:59,45,1,SW
200861,100256,Mechanical,2025-03-24 08:57:12,2025-03-24 10:57:12,2,0,NW
200862,101240,Customer Not Available,2023-06-22 19:44:49,2023-06-23 08:44:49,13,1,SE
200863,102569,Address Issue,2024-11-07 19:45:33,2024-11-09 11:45:33,40,0,NW
200864,100749,Customer Not Available,2023-09-09 10:56:13,2023-09-11 04:56:13,42,0,SE
200865,103322,Customer Not Available,2024-04-15 12:49:41,2024-04-16 08:49:41,20,1,SW
200866,103286,Address Issue,2025-09-01 22:51:31,2025-09-02 04:51:31,6,0,M.
200867,104752,Weather,2024-08-28 07:40:17,2024-08-28 18:40:17,11,0,SW
200868,100733,Weather,2025-09-28 11:04:46,2025-09-30 09:04:46,46,0,MW
200869,102386,Weather,2024-12-13 18:17:06,2024-12-14 19:17:06,25,0,SE
200870,104323,Weather,2023-08-18 11:08:19,2023-08-20 05:08:19,42,0,MW
200871,101259,Customer Not Available,2023-08-24 08:02:18,2023-08-24 18:02:18,10,0,SW
200872,102413,Customer Not Available,2025-02-17 01:30:24,2025-02-18 08:30:24,31,0,SW
200873,102905,Mechanical,2023-05-10 17:39:26,2023-05-12 12:39:26,43,0,S.
200874,102496,Weather,2024-04-21 00:59:00,2024-04-21 04:59:00,4,1,NW
200875,102554,Address Issue,2025-12-08 04:38:58,2025-12-09 05:38:58,25,0,SW
200876,103704,Address Issue,2024-01-07 15:16:25,2024-01-08 19:16:25,28,1,NW
200877,102109,Address Issue,2024-01-12 13:36:44,2024-01-13 13:36:44,24,0,NE
200878,103402,Address Issue,2024-11-23 10:04:08,2024-11-24 21:04:08,35,0,SE
200879,104282,Mechanical,2025-02-02 17:18:29,2025-02-04 10:18:29,41,0,NE
200880,101528,Mechanical,2023-01-19 11:59:14,2023-01-19 16:59:14,5,0,NE
200881,100850,Mechanical,2024-03-07 08:53:27,2024-03-08 17:53:27,33,1,NW
200882,102301,Weather,2023-07-07 23:06:45,2023-07-08 10:06:45,11,1,NW
200883,104674,Customer Not Available,2023-03-28 07:50:43,2023-03-28 15:50:43,8,1,SE
200884,104409,Address Issue,2025-07-20 20:25:41,2025-07-21 17:25:41,21,0,SE
200885,103623,Address Issue,2025-12-15 03:04:43,2025-12-16 11:04:43,32,1,SE
200886,103295,M.,2025-11-17 16:16:40,2025-11-17 21:16:40,5,0,SW
200887,104526,W.,2025-10-21 16:14:53,2025-10-23 02:14:53,34,0,SW
200888,101379,Mechanical,2023-01-20 23:48:22,2023-01-21 08:48:22,9,1,SE
200889,103498,Address Issue,2023-09-28 05:57:12,2023-09-29 19:57:12,38,0,NW
200890,101415,A.,2024-01-13 11:05:16,2024-01-15 06:05:16,43,0,NE
200891,102269,Mechanical,2024-03-16 08:41:01,2024-03-17 16:41:01,32,0,SE
200892,102807,Address Issue,2023-04-02 04:08:47,2023-04-02 14:08:47,10,1,SE
200893,101799,Customer Not Available,2025-09-04 17:48:55,2025-09-05 05:48:55,12,0,NE
200894,103608,Customer Not Available,2024-01-26 13:11:41,2024-01-28 00:11:41,35,0,MW
200895,102813,Mechanical,2023-12-09 15:13:51,2023-12-11 06:13:51,39,0,SE
200896,102002,Customer Not Available,2023-11-21 02:54:11,2023-11-21 20:54:11,18,0,SE
200897,102119,Customer Not Available,2024-05-20 05:14:03,2024-05-21 04:14:03,23,0,SW
200898,100455,Mechanical,2024-10-22 20:18:13,2024-10-23 08:18:13,12,0,NE
200899,103146,Mechanical,2025-01-08 21:14:05,2025-01-10 04:14:05,31,0,SE
200900,104705,Mechanical,2025-02-14 10:37:42,2025-02-14 21:37:42,11,0,SE
200901,102884,Customer Not Available,2024-10-27 06:11:15,2024-10-28 16:11:15,34,0,MW
200902,100938,Address Issue,2025-05-19 21:10:26,2025-05-21 00:10:26,27,0,NE
200903,101684,Weather,2023-09-11 00:34:17,,21,1,SE
200904,102565,Address Issue,2023-06-01 00:02:34,,10,0,MW
200905,103409,Mechanical,2025-09-16 09:50:09,2025-09-16 22:50:09,13,0,SE
200906,102085,A.,2023-06-01 20:42:20,2023-06-03 17:42:20,45,1,NW
200907,102366,Weather,2025-05-31 13:17:23,,47,0,M.
200908,100139,Address Issue,2025-07-05 08:18:47,2025-07-06 09:18:47,25,0,NW
200909,100426,Mechanical,2024-12-20 00:36:50,2024-12-20 13:36:50,13,0,SE
200910,102902,Weather,2025-04-18 23:53:15,2025-04-20 16:53:15,41,0,MW
200911,102017,Customer Not Available,2023-02-24 11:39:56,2023-02-24 17:39:56,6,0,NE
200912,101218,Address Issue,2023-12-04 18:54:47,2023-12-06 05:54:47,35,1,SW
200913,104310,Customer Not Available,2025-04-20 06:59:02,2025-04-21 10:59:02,28,0,SE
200914,101912,Customer Not Available,2025-01-12 20:02:30,2025-01-13 16:02:30,20,0,MW
200915,104636,Weather,2025-04-10 12:57:14,2025-04-11 08:57:14,20,1,NW
200916,103681,Customer Not Available,2025-03-24 18:02:48,2025-03-26 11:02:48,41,0,MW
200917,102436,Customer Not Available,2025-01-05 22:31:31,2025-01-06 02:31:31,4,0,NE
200918,101452,Address Issue,2025-09-10 17:49:30,2025-09-11 13:49:30,20,0,MW
200919,101717,Weather,2023-06-24 12:40:07,2023-06-24 17:40:07,5,0,NW
200920,102199,Mechanical,2024-01-26 06:51:29,2024-01-27 04:51:29,22,0,SE
200921,103174,Mechanical,2024-11-15 00:53:50,2024-11-16 00:53:50,24,0,NW
200922,101428,Weather,2023-08-12 18:22:58,2023-08-14 14:22:58,44,1,NW
200923,101311,Customer Not Available,2024-09-01 17:03:52,2024-09-02 10:03:52,17,0,NW
200924,100746,A.,2023-06-15 22:15:44,2023-06-16 03:15:44,5,0,SW
200925,102789,Customer Not Available,2024-07-06 02:00:47,2024-07-07 04:00:47,26,0,SE
200926,103106,Mechanical,2025-10-07 04:32:01,2025-10-08 16:32:01,36,0,SW
200927,102914,Address Issue,2025-03-30 18:39:00,2025-03-31 02:39:00,8,0,MW
200928,100753,Weather,2025-04-26 11:37:04,2025-04-26 20:37:04,9,0,SE
200929,100483,Customer Not Available,2023-12-21 07:49:09,2023-12-22 00:49:09,17,0,SE
200930,103592,C.,2025-12-09 23:39:55,2025-12-10 07:39:55,8,1,MW
200931,100387,Address Issue,2024-05-01 01:16:44,2024-05-01 06:16:44,5,1,MW
200932,101788,Customer Not Available,2024-07-09 00:02:29,2024-07-09 10:02:29,10,0,NW
200933,100544,Weather,2024-02-24 08:12:23,2024-02-24 22:12:23,14,0,SE
200934,102906,Address Issue,2024-07-17 17:09:23,2024-07-18 20:09:23,27,0,NE
200935,102965,Weather,2024-04-06 04:22:19,2024-04-07 07:22:19,27,0,NW
200936,102746,Weather,2024-10-07 20:30:39,2024-10-08 01:30:39,5,0,SE
200937,104676,Weather,2025-04-13 01:50:55,2025-04-13 16:50:55,15,0,MW
200938,101161,Weather,2024-07-31 00:34:13,2024-08-01 04:34:13,28,0,MW
200939,104226,Customer Not Available,2025-09-04 23:00:01,2025-09-05 04:00:01,5,0,NE
200940,103322,Address Issue,2025-02-10 10:16:28,2025-02-11 08:16:28,22,0,SE
200941,101658,Customer Not Available,2023-04-09 12:41:24,2023-04-10 00:41:24,12,1,SW
200942,104461,Mechanical,2023-09-04 03:44:40,2023-09-05 21:44:40,42,0,NW
200943,100420,Weather,2025-01-31 06:04:28,2025-01-31 14:04:28,8,0,SE
200944,104519,Weather,2023-10-22 03:06:26,2023-10-22 04:06:26,1,1,SW
200945,101808,Mechanical,2025-10-06 02:44:27,2025-10-07 13:44:27,35,0,MW
200946,103987,Mechanical,2023-06-02 12:45:35,2023-06-03 04:45:35,16,0,MW
200947,104065,Weather,2024-01-01 12:37:56,2024-01-02 18:37:56,30,0,SW
200948,102209,Customer Not Available,2024-08-21 14:13:22,2024-08-23 09:13:22,43,0,SW
200949,104190,Customer Not Available,2024-08-25 14:24:44,2024-08-27 07:24:44,41,0,NE
200950,101185,Weather,2024-11-08 10:26:28,2024-11-08 20:26:28,10,0,SE
200951,104930,Address Issue,2024-03-25 11:55:18,2024-03-26 21:55:18,34,0,MW
200952,101819,Mechanical,2023-04-14 15:33:32,,11,0,NW
200953,104558,Customer Not Available,2024-07-25 18:29:03,2024-07-26 14:29:03,20,0,MW
200954,100930,Address Issue,2023-09-05 09:33:01,2023-09-07 04:33:01,43,0,SE
200955,104776,Weather,2025-10-17 01:03:25,2025-10-17 08:03:25,7,0,SW
200956,103386,Weather,2023-10-12 17:46:52,2023-10-13 14:46:52,21,0,NE
200957,101353,Customer Not Available,2025-02-13 03:07:57,2025-02-13 14:07:57,11,0,MW
200958,100656,Customer Not Available,2024-04-14 21:31:20,2024-04-16 10:31:20,37,1,NE
200959,101205,Weather,2023-03-05 09:47:19,2023-03-06 08:47:19,23,0,SW
200960,102867,Customer Not Available,2023-04-01 11:35:20,2023-04-03 07:35:20,44,0,SE
200961,100455,Customer Not Available,2025-03-05 02:30:48,2025-03-06 09:30:48,31,0,MW
200962,104370,Customer Not Available,2024-07-08 11:03:00,2024-07-09 05:03:00,18,1,SE
200963,102084,Weather,2024-02-27 14:38:18,2024-02-28 14:38:18,24,1,NW
200964,102490,Mechanical,2025-05-07 10:45:42,2025-05-08 08:45:42,22,0,SE
200965,100874,Address Issue,2024-02-01 11:13:10,2024-02-03 00:13:10,37,0,SW
200966,103107,Mechanical,2025-11-03 03:31:59,2025-11-05 02:31:59,47,0,SW
200967,104163,Weather,2023-03-14 20:54:33,2023-03-16 16:54:33,44,0,NW
200968,101433,Address Issue,2025-12-16 11:00:40,2025-12-16 12:00:40,1,1,SE
200969,104455,Weather,2023-08-02 19:41:44,2023-08-03 01:41:44,6,0,SW
200970,103192,Mechanical,2025-11-26 07:20:21,2025-11-27 21:20:21,38,0,SW
200971,103738,Weather,2025-12-23 21:03:19,2025-12-25 02:03:19,29,0,SW
200972,104029,Customer Not Available,2023-09-14 06:06:02,2023-09-16 01:06:02,43,1,SW
200973,100574,Customer Not Available,2023-08-06 13:59:47,2023-08-07 00:59:47,11,0,NE
200974,101095,Mechanical,2025-02-21 02:38:41,2025-02-21 18:38:41,16,0,MW
200975,102895,Customer Not Available,2023-08-24 03:16:36,2023-08-24 09:16:36,6,0,NE
200976,101988,Mechanical,2025-03-31 23:34:51,2025-04-01 00:34:51,1,0,S.
200977,100289,Weather,2023-01-03 08:56:59,2023-01-05 08:56:59,48,0,SE
200978,102467,Weather,2023-03-20 07:35:18,2023-03-21 18:35:18,35,1,NE
200979,101588,Mechanical,2023-07-31 10:56:32,2023-08-01 10:56:32,24,0,NW
200980,101478,Address Issue,2024-01-24 11:07:14,,38,0,MW
200981,100804,Mechanical,2025-03-02 07:18:43,2025-03-02 10:18:43,3,1,SE
200982,100611,Address Issue,2023-12-22 10:52:53,2023-12-24 02:52:53,40,0,NE
200983,100471,Mechanical,2024-01-01 23:24:41,2024-01-02 01:24:41,2,0,MW
200984,101969,Weather,2025-06-15 01:10:29,2025-06-15 16:10:29,15,0,NE
200985,104464,Customer Not Available,2023-06-17 09:43:23,2023-06-18 07:43:23,22,1,NW
200986,100409,Mechanical,2024-04-23 11:49:36,2024-04-25 09:49:36,46,0,SW
200987,101625,Address Issue,2023-04-22 03:50:08,2023-04-24 01:50:08,46,0,NW
200988,103959,Customer Not Available,2024-10-07 04:34:04,2024-10-07 08:34:04,4,0,SW
200989,103574,A.,2025-04-26 13:58:26,2025-04-27 13:58:26,24,0,MW
200990,100160,A.,2025-06-06 03:03:09,2025-06-06 22:03:09,19,0,NE
200991,102725,Address Issue,2024-11-26 09:47:13,2024-11-27 15:47:13,30,0,NE
200992,103866,Address Issue,2023-01-31 16:50:03,2023-02-01 14:50:03,22,0,NW
200993,104108,Mechanical,2024-11-22 08:50:11,2024-11-23 23:50:11,39,0,SE
200994,103478,Customer Not Available,2024-07-27 10:48:26,2024-07-29 10:48:26,48,0,MW
200995,101986,Customer Not Available,2025-04-11 15:55:38,2025-04-13 07:55:38,40,0,SW
200996,101878,Customer Not Available,2023-06-19 11:14:36,2023-06-20 14:14:36,27,0,MW
200997,103426,Customer Not Available,2023-08-16 21:54:51,2023-08-17 12:54:51,15,0,NW
200998,103317,Weather,2025-01-26 02:04:28,2025-01-27 15:04:28,37,0,NE
200999,104534,Weather,2025-09-03 14:52:58,2025-09-03 15:52:58,1,0,SW
